{"normalisation": {"compilation": 0.3489324748516083, "execution": 0.8079414367675781}, "results": {"basic_herding": {"compilation_mean": 0.7033907771110535, "execution_mean": 0.20242826640605927, "compilation_std": 0.14783848822116852, "execution_std": 0.009119969792664051, "num_runs": 10}, "basic_rpc": {"compilation_mean": 0.7881746292114258, "execution_mean": 0.1251920759677887, "compilation_std": 0.04044666513800621, "execution_std": 0.0005937105743214488, "num_runs": 10}, "basic_stein": {"compilation_mean": 5.586987018585205, "execution_mean": 0.5433982014656067, "compilation_std": 0.3815579414367676, "execution_std": 0.013096092268824577, "num_runs": 10}}}