{"normalisation": {"compilation": 0.32739993929862976, "execution": 0.8033642172813416}, "results": {"basic_herding": {"compilation_mean": 0.952835202217102, "execution_mean": 0.1750553995370865, "compilation_std": 0.06978565454483032, "execution_std": 0.004859986715018749, "num_runs": 10}, "basic_rpc": {"compilation_mean": 1.1663157939910889, "execution_mean": 0.022092273458838463, "compilation_std": 0.05470019951462746, "execution_std": 0.0010238729882985353, "num_runs": 10}, "basic_stein": {"compilation_mean": 5.385707378387451, "execution_mean": 0.4225333333015442, "compilation_std": 0.3425617218017578, "execution_std": 0.011899212375283241, "num_runs": 10}}}