{"normalisation": {"compilation": 0.3490789830684662, "execution": 0.8145171403884888}, "results": {"basic_herding": {"compilation_mean": 0.7521043419837952, "execution_mean": 0.19743268191814423, "compilation_std": 0.14655902981758118, "execution_std": 0.008858135901391506, "num_runs": 10}, "basic_rpc": {"compilation_mean": 0.8003407716751099, "execution_mean": 0.12499159574508667, "compilation_std": 0.03920185565948486, "execution_std": 0.0012354858918115497, "num_runs": 10}, "basic_stein": {"compilation_mean": 5.974015235900879, "execution_mean": 0.5434952974319458, "compilation_std": 0.4489099979400635, "execution_std": 0.020301952958106995, "num_runs": 10}}}