{"normalisation": {"compilation": 0.3247600197792053, "execution": 0.8020212054252625}, "results": {"basic_herding": {"compilation_mean": 0.9703351855278015, "execution_mean": 0.18093052506446838, "compilation_std": 0.0661010816693306, "execution_std": 0.008754116483032703, "num_runs": 10}, "basic_rpc": {"compilation_mean": 1.157713532447815, "execution_mean": 0.021840084344148636, "compilation_std": 0.04394952952861786, "execution_std": 0.00040644995169714093, "num_runs": 10}, "basic_stein": {"compilation_mean": 5.360384941101074, "execution_mean": 0.4111873209476471, "compilation_std": 0.3387444317340851, "execution_std": 0.01331261359155178, "num_runs": 10}}}