{"normalisation": {"compilation": 0.3854950964450836, "execution": 0.8090290427207947}, "results": {"basic_herding": {"compilation_mean": 0.5178227424621582, "execution_mean": 0.19711729884147644, "compilation_std": 0.07989582419395447, "execution_std": 0.009578310884535313, "num_runs": 10}, "basic_rpc": {"compilation_mean": 0.6074854731559753, "execution_mean": 0.15884435176849365, "compilation_std": 0.02979135699570179, "execution_std": 0.003609644714742899, "num_runs": 10}, "basic_stein": {"compilation_mean": 4.596106052398682, "execution_mean": 0.5559939742088318, "compilation_std": 0.33091214299201965, "execution_std": 0.010084332898259163, "num_runs": 10}}}