{"normalisation": {"compilation": 0.3208654820919037, "execution": 0.8256974220275879}, "results": {"basic_herding": {"compilation_mean": 1.0873154401779175, "execution_mean": 0.08679777383804321, "compilation_std": 0.052356962114572525, "execution_std": 0.0011915003415197134, "num_runs": 10}, "basic_rpc": {"compilation_mean": 1.2703975439071655, "execution_mean": 0.019448762759566307, "compilation_std": 0.02686026133596897, "execution_std": 0.0002308283728780225, "num_runs": 10}, "basic_stein": {"compilation_mean": 4.966595649719238, "execution_mean": 0.29462772607803345, "compilation_std": 0.2979905605316162, "execution_std": 0.01462316233664751, "num_runs": 10}}}