{"normalisation": {"compilation": 0.33305326104164124, "execution": 0.8148590922355652}, "results": {"basic_herding": {"compilation_mean": 0.9154298901557922, "execution_mean": 0.17693643271923065, "compilation_std": 0.03474285081028938, "execution_std": 0.008417148143053055, "num_runs": 10}, "basic_rpc": {"compilation_mean": 1.1305350065231323, "execution_mean": 0.022590558975934982, "compilation_std": 0.025798410177230835, "execution_std": 0.0004447666578926146, "num_runs": 10}, "basic_stein": {"compilation_mean": 4.439000606536865, "execution_mean": 0.4217556118965149, "compilation_std": 0.17072971165180206, "execution_std": 0.01363860722631216, "num_runs": 10}}}