{"normalisation": {"compilation": 0.37473079562187195, "execution": 0.8142267465591431}, "results": {"basic_herding": {"compilation_mean": 0.7069190144538879, "execution_mean": 0.204620823264122, "compilation_std": 0.09476090222597122, "execution_std": 0.010560351423919201, "num_runs": 10}, "basic_rpc": {"compilation_mean": 0.7637173533439636, "execution_mean": 0.12725673615932465, "compilation_std": 0.034243445843458176, "execution_std": 0.0008202365133911371, "num_runs": 10}, "basic_stein": {"compilation_mean": 5.818704128265381, "execution_mean": 0.5610225200653076, "compilation_std": 0.35751092433929443, "execution_std": 0.009770584292709827, "num_runs": 10}}}