{"normalisation": {"compilation": 1.4196401834487915, "execution": 0.7028875946998596}, "results": {"basic_herding": {"compilation_mean": 0.24499981105327606, "execution_mean": 0.10170888900756836, "compilation_std": 0.010516049340367317, "execution_std": 0.002911276649683714, "num_runs": 10}, "basic_rpc": {"compilation_mean": 0.29682186245918274, "execution_mean": 0.022833196446299553, "compilation_std": 0.014935009181499481, "execution_std": 0.00020384110393933952, "num_runs": 10}, "basic_stein": {"compilation_mean": 1.114141821861267, "execution_mean": 0.3484106957912445, "compilation_std": 0.04509485512971878, "execution_std": 0.013125669211149216, "num_runs": 10}}}