{"normalisation": {"compilation": 0.5133387446403503, "execution": 0.6781247854232788}, "results": {"basic_herding": {"compilation_mean": 0.43740519881248474, "execution_mean": 2.568207025527954, "compilation_std": 0.0518113374710083, "execution_std": 0.01811135932803154, "num_runs": 10}, "basic_rpc": {"compilation_mean": 0.5945572257041931, "execution_mean": 0.1950998604297638, "compilation_std": 0.05082760378718376, "execution_std": 0.0012410808121785522, "num_runs": 10}, "basic_stein": {"compilation_mean": 3.1536591053009033, "execution_mean": 2.904869556427002, "compilation_std": 0.19246700406074524, "execution_std": 0.01591941900551319, "num_runs": 10}}}