{"normalisation": {"compilation": 0.30722594261169434, "execution": 0.8139304518699646}, "results": {"basic_herding": {"compilation_mean": 1.0949128866195679, "execution_mean": 0.08704143017530441, "compilation_std": 0.04744464531540871, "execution_std": 0.0008554812520742416, "num_runs": 10}, "basic_rpc": {"compilation_mean": 1.3267673254013062, "execution_mean": 0.01991729997098446, "compilation_std": 0.08357983827590942, "execution_std": 0.0003460806328803301, "num_runs": 10}, "basic_stein": {"compilation_mean": 4.966649532318115, "execution_mean": 0.3078925311565399, "compilation_std": 0.18668903410434723, "execution_std": 0.019386863335967064, "num_runs": 10}}}