{"normalisation": {"compilation": 0.5663709044456482, "execution": 0.7641023993492126}, "results": {"basic_herding": {"compilation_mean": 0.6216408610343933, "execution_mean": 0.04621431231498718, "compilation_std": 0.05466713383793831, "execution_std": 0.0011105728335678577, "num_runs": 10}, "basic_rpc": {"compilation_mean": 0.7462888956069946, "execution_mean": 0.02181091345846653, "compilation_std": 0.02460554428398609, "execution_std": 0.00011644168989732862, "num_runs": 10}, "basic_stein": {"compilation_mean": 2.3806440830230713, "execution_mean": 0.3662460446357727, "compilation_std": 0.10801346600055695, "execution_std": 0.011379723437130451, "num_runs": 10}}}