{"normalisation": {"compilation": 0.5737888216972351, "execution": 0.770507276058197}, "results": {"basic_herding": {"compilation_mean": 0.6105385422706604, "execution_mean": 0.04681824892759323, "compilation_std": 0.05637415498495102, "execution_std": 0.002695219125598669, "num_runs": 10}, "basic_rpc": {"compilation_mean": 0.7259311079978943, "execution_mean": 0.021607903763651848, "compilation_std": 0.014303162693977356, "execution_std": 9.096891153603792e-05, "num_runs": 10}, "basic_stein": {"compilation_mean": 2.3504951000213623, "execution_mean": 0.3753521144390106, "compilation_std": 0.09556297957897186, "execution_std": 0.014511636458337307, "num_runs": 10}}}