{"normalisation": {"compilation": 0.3630037307739258, "execution": 0.7933194637298584}, "results": {"basic_herding": {"compilation_mean": 0.5374319553375244, "execution_mean": 0.19843584299087524, "compilation_std": 0.07455788552761078, "execution_std": 0.005281778518110514, "num_runs": 10}, "basic_rpc": {"compilation_mean": 0.6217911243438721, "execution_mean": 0.15865521132946014, "compilation_std": 0.024472523480653763, "execution_std": 0.000857728358823806, "num_runs": 10}, "basic_stein": {"compilation_mean": 4.644435405731201, "execution_mean": 0.5415221452713013, "compilation_std": 0.373384565114975, "execution_std": 0.010167981497943401, "num_runs": 10}}}