{"normalisation": {"compilation": 0.31166258454322815, "execution": 0.815740704536438}, "results": {"basic_herding": {"compilation_mean": 0.9392744302749634, "execution_mean": 0.17832008004188538, "compilation_std": 0.053845588117837906, "execution_std": 0.010101957246661186, "num_runs": 10}, "basic_rpc": {"compilation_mean": 1.1694129705429077, "execution_mean": 0.022393854334950447, "compilation_std": 0.029999252408742905, "execution_std": 0.0003420614229980856, "num_runs": 10}, "basic_stein": {"compilation_mean": 4.701229095458984, "execution_mean": 0.4124874174594879, "compilation_std": 0.22414147853851318, "execution_std": 0.01394988875836134, "num_runs": 10}}}