{"normalisation": {"compilation": 0.35715702176094055, "execution": 0.8080400824546814}, "results": {"basic_herding": {"compilation_mean": 0.6827904582023621, "execution_mean": 0.19942034780979156, "compilation_std": 0.06705696135759354, "execution_std": 0.009206170216202736, "num_runs": 10}, "basic_rpc": {"compilation_mean": 0.8112279772758484, "execution_mean": 0.12693782150745392, "compilation_std": 0.1075231209397316, "execution_std": 0.0018633469007909298, "num_runs": 10}, "basic_stein": {"compilation_mean": 5.66988468170166, "execution_mean": 0.568250298500061, "compilation_std": 0.44439035654067993, "execution_std": 0.011518456973135471, "num_runs": 10}}}