{"normalisation": {"compilation": 0.3632373511791229, "execution": 0.8101401329040527}, "results": {"basic_herding": {"compilation_mean": 0.49953436851501465, "execution_mean": 0.2067345380783081, "compilation_std": 0.07900875061750412, "execution_std": 0.021593092009425163, "num_runs": 10}, "basic_rpc": {"compilation_mean": 0.7774428725242615, "execution_mean": 0.12557487189769745, "compilation_std": 0.08314765244722366, "execution_std": 0.0008029674063436687, "num_runs": 10}, "basic_stein": {"compilation_mean": 4.751804828643799, "execution_mean": 0.5495795607566833, "compilation_std": 0.3967984914779663, "execution_std": 0.018504364416003227, "num_runs": 10}}}