{"normalisation": {"compilation": 0.32342249155044556, "execution": 0.8139627575874329}, "results": {"basic_herding": {"compilation_mean": 1.007370114326477, "execution_mean": 0.1778736561536789, "compilation_std": 0.06266812980175018, "execution_std": 0.0078528868034482, "num_runs": 10}, "basic_rpc": {"compilation_mean": 1.1560865640640259, "execution_mean": 0.0216238833963871, "compilation_std": 0.032397523522377014, "execution_std": 0.00032344134524464607, "num_runs": 10}, "basic_stein": {"compilation_mean": 5.6115922927856445, "execution_mean": 0.40321359038352966, "compilation_std": 0.3939038813114166, "execution_std": 0.010552166029810905, "num_runs": 10}}}