{"normalisation": {"compilation": 0.36976930499076843, "execution": 0.8015831112861633}, "results": {"basic_herding": {"compilation_mean": 0.5326051712036133, "execution_mean": 0.21379144489765167, "compilation_std": 0.09262555837631226, "execution_std": 0.011816192418336868, "num_runs": 10}, "basic_rpc": {"compilation_mean": 0.6179073452949524, "execution_mean": 0.17478124797344208, "compilation_std": 0.032920025289058685, "execution_std": 0.0007481126231141388, "num_runs": 10}, "basic_stein": {"compilation_mean": 4.631192684173584, "execution_mean": 0.679379403591156, "compilation_std": 0.3963419795036316, "execution_std": 0.010232222266495228, "num_runs": 10}}}