{"normalisation": {"compilation": 0.3827843964099884, "execution": 0.7945614457130432}, "results": {"basic_herding": {"compilation_mean": 0.5469279885292053, "execution_mean": 0.2005411833524704, "compilation_std": 0.08627063781023026, "execution_std": 0.014679684303700924, "num_runs": 10}, "basic_rpc": {"compilation_mean": 0.7237511277198792, "execution_mean": 0.13010714948177338, "compilation_std": 0.03113614208996296, "execution_std": 0.001995636150240898, "num_runs": 10}, "basic_stein": {"compilation_mean": 4.495482444763184, "execution_mean": 0.5560502409934998, "compilation_std": 0.3845275640487671, "execution_std": 0.016871267929673195, "num_runs": 10}}}