{"normalisation": {"compilation": 0.3334798812866211, "execution": 0.817540168762207}, "results": {"basic_herding": {"compilation_mean": 0.9953227043151855, "execution_mean": 0.1801610291004181, "compilation_std": 0.08115813881158829, "execution_std": 0.007767250761389732, "num_runs": 10}, "basic_rpc": {"compilation_mean": 1.2312158346176147, "execution_mean": 0.02194167859852314, "compilation_std": 0.049067214131355286, "execution_std": 0.00020665749616455287, "num_runs": 10}, "basic_stein": {"compilation_mean": 5.561866760253906, "execution_mean": 0.43500199913978577, "compilation_std": 0.43174317479133606, "execution_std": 0.014459075406193733, "num_runs": 10}}}