{"normalisation": {"compilation": 0.3460286855697632, "execution": 0.8030304312705994}, "results": {"basic_herding": {"compilation_mean": 0.6913585066795349, "execution_mean": 0.20211313664913177, "compilation_std": 0.07993348687887192, "execution_std": 0.010698358528316021, "num_runs": 10}, "basic_rpc": {"compilation_mean": 0.8366860747337341, "execution_mean": 0.12589657306671143, "compilation_std": 0.09745419770479202, "execution_std": 0.0012308083241805434, "num_runs": 10}, "basic_stein": {"compilation_mean": 5.951084136962891, "execution_mean": 0.5521738529205322, "compilation_std": 0.3025651276111603, "execution_std": 0.016045337542891502, "num_runs": 10}}}