{"normalisation": {"compilation": 0.31159454584121704, "execution": 0.8059612512588501}, "results": {"basic_herding": {"compilation_mean": 1.0894421339035034, "execution_mean": 0.09208529442548752, "compilation_std": 0.039109017699956894, "execution_std": 0.0036164044868201017, "num_runs": 10}, "basic_rpc": {"compilation_mean": 1.3195111751556396, "execution_mean": 0.019809799268841743, "compilation_std": 0.0832771509885788, "execution_std": 0.00013553739700000733, "num_runs": 10}, "basic_stein": {"compilation_mean": 4.929624080657959, "execution_mean": 0.3099394738674164, "compilation_std": 0.24765217304229736, "execution_std": 0.01586994156241417, "num_runs": 10}}}