{"normalisation": {"compilation": 1.4594640731811523, "execution": 0.691094160079956}, "results": {"basic_herding": {"compilation_mean": 0.2469354122877121, "execution_mean": 0.10108643025159836, "compilation_std": 0.012295848689973354, "execution_std": 0.0018905296456068754, "num_runs": 10}, "basic_rpc": {"compilation_mean": 0.2893976867198944, "execution_mean": 0.02464565448462963, "compilation_std": 0.005728031508624554, "execution_std": 0.00030648853862658143, "num_runs": 10}, "basic_stein": {"compilation_mean": 1.108900785446167, "execution_mean": 0.3578796088695526, "compilation_std": 0.04802606627345085, "execution_std": 0.014120511710643768, "num_runs": 10}}}