{"normalisation": {"compilation": 0.3486323058605194, "execution": 0.7996034622192383}, "results": {"basic_herding": {"compilation_mean": 0.6821638941764832, "execution_mean": 0.2055702954530716, "compilation_std": 0.04746828228235245, "execution_std": 0.009855561889708042, "num_runs": 10}, "basic_rpc": {"compilation_mean": 0.8193156123161316, "execution_mean": 0.12922851741313934, "compilation_std": 0.11125003546476364, "execution_std": 0.0009236653568223119, "num_runs": 10}, "basic_stein": {"compilation_mean": 5.9344258308410645, "execution_mean": 0.581264853477478, "compilation_std": 0.48676207661628723, "execution_std": 0.022945810109376907, "num_runs": 10}}}