{"normalisation": {"compilation": 0.37120404839515686, "execution": 0.7920063734054565}, "results": {"basic_herding": {"compilation_mean": 0.513433575630188, "execution_mean": 0.19626377522945404, "compilation_std": 0.05183678865432739, "execution_std": 0.0039396886713802814, "num_runs": 10}, "basic_rpc": {"compilation_mean": 0.6508021950721741, "execution_mean": 0.15668049454689026, "compilation_std": 0.08796977996826172, "execution_std": 0.0009174843435175717, "num_runs": 10}, "basic_stein": {"compilation_mean": 4.543447017669678, "execution_mean": 0.538970410823822, "compilation_std": 0.34299683570861816, "execution_std": 0.013248876668512821, "num_runs": 10}}}