{"normalisation": {"compilation": 0.29824739694595337, "execution": 0.7937869429588318}, "results": {"basic_herding": {"compilation_mean": 0.9148666262626648, "execution_mean": 0.17575083673000336, "compilation_std": 0.06417091935873032, "execution_std": 0.009529827162623405, "num_runs": 10}, "basic_rpc": {"compilation_mean": 1.0560598373413086, "execution_mean": 0.022197403013706207, "compilation_std": 0.023330407217144966, "execution_std": 0.00020909345766995102, "num_runs": 10}, "basic_stein": {"compilation_mean": 5.272215843200684, "execution_mean": 0.41839686036109924, "compilation_std": 0.29217666387557983, "execution_std": 0.01576869748532772, "num_runs": 10}}}