{"normalisation": {"compilation": 0.3638685941696167, "execution": 0.8025810122489929}, "results": {"basic_herding": {"compilation_mean": 0.6964021325111389, "execution_mean": 0.19636468589305878, "compilation_std": 0.11441785842180252, "execution_std": 0.01348347868770361, "num_runs": 10}, "basic_rpc": {"compilation_mean": 0.7367616295814514, "execution_mean": 0.12907332181930542, "compilation_std": 0.027668949216604233, "execution_std": 0.001650567864999175, "num_runs": 10}, "basic_stein": {"compilation_mean": 5.696085453033447, "execution_mean": 0.5479161143302917, "compilation_std": 0.4187786281108856, "execution_std": 0.013896750286221504, "num_runs": 10}}}