{"normalisation": {"compilation": 0.3244266211986542, "execution": 0.8052329421043396}, "results": {"basic_herding": {"compilation_mean": 0.9748458862304688, "execution_mean": 0.17965742945671082, "compilation_std": 0.05843271315097809, "execution_std": 0.007375542540103197, "num_runs": 10}, "basic_rpc": {"compilation_mean": 1.1471344232559204, "execution_mean": 0.02170775830745697, "compilation_std": 0.03801654651761055, "execution_std": 0.00012309791054576635, "num_runs": 10}, "basic_stein": {"compilation_mean": 5.413034915924072, "execution_mean": 0.3987707793712616, "compilation_std": 0.42057034373283386, "execution_std": 0.004552846774458885, "num_runs": 10}}}