{"normalisation": {"compilation": 0.6611260771751404, "execution": 0.6945608854293823}, "results": {"basic_herding": {"compilation_mean": 0.5734769701957703, "execution_mean": 0.058279167860746384, "compilation_std": 0.04829368367791176, "execution_std": 0.008506176993250847, "num_runs": 10}, "basic_rpc": {"compilation_mean": 0.6736209988594055, "execution_mean": 0.02300289086997509, "compilation_std": 0.019120125100016594, "execution_std": 0.000324193446431309, "num_runs": 10}, "basic_stein": {"compilation_mean": 2.240097761154175, "execution_mean": 0.41949620842933655, "compilation_std": 0.0860229954123497, "execution_std": 0.011096462607383728, "num_runs": 10}}}