{"normalisation": {"compilation": 0.3558078706264496, "execution": 0.7915493845939636}, "results": {"basic_herding": {"compilation_mean": 0.6752080917358398, "execution_mean": 0.1999848484992981, "compilation_std": 0.05418989062309265, "execution_std": 0.009697271510958672, "num_runs": 10}, "basic_rpc": {"compilation_mean": 0.8146879076957703, "execution_mean": 0.13073992729187012, "compilation_std": 0.11612764000892639, "execution_std": 0.002250334480777383, "num_runs": 10}, "basic_stein": {"compilation_mean": 5.688395023345947, "execution_mean": 0.5559226870536804, "compilation_std": 0.482472687959671, "execution_std": 0.013993510976433754, "num_runs": 10}}}