{"normalisation": {"compilation": 1.4389381408691406, "execution": 0.7068502306938171}, "results": {"basic_herding": {"compilation_mean": 0.24842174351215363, "execution_mean": 0.10360602289438248, "compilation_std": 0.010242351330816746, "execution_std": 0.0030796595383435488, "num_runs": 10}, "basic_rpc": {"compilation_mean": 0.2980915904045105, "execution_mean": 0.02252240851521492, "compilation_std": 0.020698778331279755, "execution_std": 0.00021351118630263954, "num_runs": 10}, "basic_stein": {"compilation_mean": 1.137371301651001, "execution_mean": 0.3450195789337158, "compilation_std": 0.04798691347241402, "execution_std": 0.009572994895279408, "num_runs": 10}}}