{"normalisation": {"compilation": 0.6606888175010681, "execution": 0.6979700922966003}, "results": {"basic_herding": {"compilation_mean": 0.584138810634613, "execution_mean": 0.05593890696763992, "compilation_std": 0.06050451844930649, "execution_std": 0.0027454199735075235, "num_runs": 10}, "basic_rpc": {"compilation_mean": 0.6907642483711243, "execution_mean": 0.02273118868470192, "compilation_std": 0.028999600559473038, "execution_std": 0.0004134812916163355, "num_runs": 10}, "basic_stein": {"compilation_mean": 2.2939059734344482, "execution_mean": 0.4405049979686737, "compilation_std": 0.13185782730579376, "execution_std": 0.01808803528547287, "num_runs": 10}}}