{"normalisation": {"compilation": 0.3628394305706024, "execution": 0.8066540956497192}, "results": {"basic_herding": {"compilation_mean": 0.6685814261436462, "execution_mean": 0.1912451833486557, "compilation_std": 0.03862965106964111, "execution_std": 0.007024137768894434, "num_runs": 10}, "basic_rpc": {"compilation_mean": 0.7937617301940918, "execution_mean": 0.12619836628437042, "compilation_std": 0.12878717482089996, "execution_std": 0.002600235864520073, "num_runs": 10}, "basic_stein": {"compilation_mean": 5.75911808013916, "execution_mean": 0.5561102032661438, "compilation_std": 0.47324496507644653, "execution_std": 0.013497980311512947, "num_runs": 10}}}