{"normalisation": {"compilation": 0.34426912665367126, "execution": 0.7904381155967712}, "results": {"basic_herding": {"compilation_mean": 0.6699106097221375, "execution_mean": 0.2065640687942505, "compilation_std": 0.05306902900338173, "execution_std": 0.009873620234429836, "num_runs": 10}, "basic_rpc": {"compilation_mean": 0.8278921246528625, "execution_mean": 0.12669076025485992, "compilation_std": 0.11313879489898682, "execution_std": 0.0007471784483641386, "num_runs": 10}, "basic_stein": {"compilation_mean": 5.962632656097412, "execution_mean": 0.5655566453933716, "compilation_std": 0.4078478217124939, "execution_std": 0.014905979856848717, "num_runs": 10}}}