{"normalisation": {"compilation": 0.37844523787498474, "execution": 0.8193079829216003}, "results": {"basic_herding": {"compilation_mean": 0.6764230132102966, "execution_mean": 0.20560240745544434, "compilation_std": 0.06504686176776886, "execution_std": 0.010750841349363327, "num_runs": 10}, "basic_rpc": {"compilation_mean": 0.8145530819892883, "execution_mean": 0.1258402168750763, "compilation_std": 0.11945271492004395, "execution_std": 0.0008487647282890975, "num_runs": 10}, "basic_stein": {"compilation_mean": 5.991828918457031, "execution_mean": 0.5754790902137756, "compilation_std": 0.48026132583618164, "execution_std": 0.012136046774685383, "num_runs": 10}}}