{"normalisation": {"compilation": 0.36819347739219666, "execution": 0.8039690852165222}, "results": {"basic_herding": {"compilation_mean": 0.5306735038757324, "execution_mean": 0.19288377463817596, "compilation_std": 0.0785512924194336, "execution_std": 0.008614006452262402, "num_runs": 10}, "basic_rpc": {"compilation_mean": 0.6136056780815125, "execution_mean": 0.1565297394990921, "compilation_std": 0.02733810991048813, "execution_std": 0.0008415717165917158, "num_runs": 10}, "basic_stein": {"compilation_mean": 4.686934471130371, "execution_mean": 0.5351667404174805, "compilation_std": 0.30327680706977844, "execution_std": 0.014945507049560547, "num_runs": 10}}}