{"normalisation": {"compilation": 0.5285472273826599, "execution": 0.6837911009788513}, "results": {"basic_herding": {"compilation_mean": 0.51491379737854, "execution_mean": 2.5857536792755127, "compilation_std": 0.04038047790527344, "execution_std": 0.02193973772227764, "num_runs": 10}, "basic_rpc": {"compilation_mean": 0.5863197445869446, "execution_mean": 0.19577008485794067, "compilation_std": 0.035632673650979996, "execution_std": 0.001053318614140153, "num_runs": 10}, "basic_stein": {"compilation_mean": 3.175739049911499, "execution_mean": 2.906257390975952, "compilation_std": 0.1545327603816986, "execution_std": 0.047971080988645554, "num_runs": 10}}}