{"normalisation": {"compilation": 0.6585032343864441, "execution": 0.6961212754249573}, "results": {"basic_herding": {"compilation_mean": 0.6029610633850098, "execution_mean": 0.05510450527071953, "compilation_std": 0.04794296622276306, "execution_std": 0.0031394094694405794, "num_runs": 10}, "basic_rpc": {"compilation_mean": 0.7003322839736938, "execution_mean": 0.022839322686195374, "compilation_std": 0.011450869962573051, "execution_std": 0.0007444245857186615, "num_runs": 10}, "basic_stein": {"compilation_mean": 2.3432118892669678, "execution_mean": 0.4091612994670868, "compilation_std": 0.09713110327720642, "execution_std": 0.004442909732460976, "num_runs": 10}}}