{"normalisation": {"compilation": 0.3614480495452881, "execution": 0.7923644185066223}, "results": {"basic_herding": {"compilation_mean": 0.5313102602958679, "execution_mean": 0.198791965842247, "compilation_std": 0.06143360584974289, "execution_std": 0.004562433809041977, "num_runs": 10}, "basic_rpc": {"compilation_mean": 0.7475995421409607, "execution_mean": 0.1295476257801056, "compilation_std": 0.03992742300033569, "execution_std": 0.0013006085064262152, "num_runs": 10}, "basic_stein": {"compilation_mean": 4.6404128074646, "execution_mean": 0.5694597363471985, "compilation_std": 0.3399204611778259, "execution_std": 0.020926430821418762, "num_runs": 10}}}