{"normalisation": {"compilation": 0.3624444305896759, "execution": 0.7922564148902893}, "results": {"basic_herding": {"compilation_mean": 0.6444315910339355, "execution_mean": 0.20549166202545166, "compilation_std": 0.06659206002950668, "execution_std": 0.011474748142063618, "num_runs": 10}, "basic_rpc": {"compilation_mean": 0.7759736776351929, "execution_mean": 0.12892845273017883, "compilation_std": 0.09896884113550186, "execution_std": 0.0004932763986289501, "num_runs": 10}, "basic_stein": {"compilation_mean": 5.687119960784912, "execution_mean": 0.5723168253898621, "compilation_std": 0.3562812805175781, "execution_std": 0.017303263768553734, "num_runs": 10}}}