{"normalisation": {"compilation": 0.5269106030464172, "execution": 0.6814562678337097}, "results": {"basic_herding": {"compilation_mean": 0.3873334228992462, "execution_mean": 2.498328447341919, "compilation_std": 0.02941541187465191, "execution_std": 0.017417442053556442, "num_runs": 10}, "basic_rpc": {"compilation_mean": 0.5897630453109741, "execution_mean": 0.19707812368869781, "compilation_std": 0.04505307972431183, "execution_std": 0.0006672563031315804, "num_runs": 10}, "basic_stein": {"compilation_mean": 3.238009214401245, "execution_mean": 2.8345141410827637, "compilation_std": 0.1521722972393036, "execution_std": 0.01573602855205536, "num_runs": 10}}}