{"normalisation": {"compilation": 0.36427727341651917, "execution": 0.7776326537132263}, "results": {"basic_herding": {"compilation_mean": 0.7002788186073303, "execution_mean": 0.1967172622680664, "compilation_std": 0.08852484077215195, "execution_std": 0.007160657551139593, "num_runs": 10}, "basic_rpc": {"compilation_mean": 0.7336382269859314, "execution_mean": 0.1302351951599121, "compilation_std": 0.0324578694999218, "execution_std": 0.001039325026795268, "num_runs": 10}, "basic_stein": {"compilation_mean": 5.652503490447998, "execution_mean": 0.5799543261528015, "compilation_std": 0.40263283252716064, "execution_std": 0.015346946194767952, "num_runs": 10}}}