{"normalisation": {"compilation": 0.366498738527298, "execution": 0.8081100583076477}, "results": {"basic_herding": {"compilation_mean": 0.7349379658699036, "execution_mean": 0.21125765144824982, "compilation_std": 0.15987886488437653, "execution_std": 0.010824057273566723, "num_runs": 10}, "basic_rpc": {"compilation_mean": 0.7914966940879822, "execution_mean": 0.12855641543865204, "compilation_std": 0.03836313262581825, "execution_std": 0.0031656650826334953, "num_runs": 10}, "basic_stein": {"compilation_mean": 5.894844055175781, "execution_mean": 0.5452525615692139, "compilation_std": 0.2935788333415985, "execution_std": 0.015951689332723618, "num_runs": 10}}}