{"normalisation": {"compilation": 0.3570285737514496, "execution": 0.8029090762138367}, "results": {"basic_herding": {"compilation_mean": 0.7166902422904968, "execution_mean": 0.19817562401294708, "compilation_std": 0.10547585785388947, "execution_std": 0.008794165216386318, "num_runs": 10}, "basic_rpc": {"compilation_mean": 0.7581266760826111, "execution_mean": 0.12814961373806, "compilation_std": 0.029342707246541977, "execution_std": 0.001511645969003439, "num_runs": 10}, "basic_stein": {"compilation_mean": 5.716659069061279, "execution_mean": 0.5574604272842407, "compilation_std": 0.3185051381587982, "execution_std": 0.03347622975707054, "num_runs": 10}}}