{"normalisation": {"compilation": 0.36415281891822815, "execution": 0.7961713671684265}, "results": {"basic_herding": {"compilation_mean": 0.7320936918258667, "execution_mean": 0.19788166880607605, "compilation_std": 0.09345125406980515, "execution_std": 0.0103827603161335, "num_runs": 10}, "basic_rpc": {"compilation_mean": 0.7403674125671387, "execution_mean": 0.1269175112247467, "compilation_std": 0.03338063135743141, "execution_std": 0.0006312861223705113, "num_runs": 10}, "basic_stein": {"compilation_mean": 5.767782211303711, "execution_mean": 0.5479958057403564, "compilation_std": 0.4508940875530243, "execution_std": 0.01481462363153696, "num_runs": 10}}}