{"normalisation": {"compilation": 0.3571217358112335, "execution": 0.8064207434654236}, "results": {"basic_herding": {"compilation_mean": 0.7144308090209961, "execution_mean": 0.20063863694667816, "compilation_std": 0.07116527110338211, "execution_std": 0.012001436203718185, "num_runs": 10}, "basic_rpc": {"compilation_mean": 0.7883355021476746, "execution_mean": 0.1294652372598648, "compilation_std": 0.04881307855248451, "execution_std": 0.0026525487191975117, "num_runs": 10}, "basic_stein": {"compilation_mean": 6.105216979980469, "execution_mean": 0.5434979200363159, "compilation_std": 0.2849034368991852, "execution_std": 0.017195548862218857, "num_runs": 10}}}