{"normalisation": {"compilation": 0.3521338403224945, "execution": 0.8050448298454285}, "results": {"basic_herding": {"compilation_mean": 0.695821225643158, "execution_mean": 0.20019014179706573, "compilation_std": 0.058063946664333344, "execution_std": 0.010111206211149693, "num_runs": 10}, "basic_rpc": {"compilation_mean": 0.8325080275535583, "execution_mean": 0.1295168697834015, "compilation_std": 0.1273525208234787, "execution_std": 0.0024217611644417048, "num_runs": 10}, "basic_stein": {"compilation_mean": 6.101675510406494, "execution_mean": 0.5528724193572998, "compilation_std": 0.40700778365135193, "execution_std": 0.013508866541087627, "num_runs": 10}}}