{"normalisation": {"compilation": 0.3565109372138977, "execution": 0.7972702383995056}, "results": {"basic_herding": {"compilation_mean": 0.6433412432670593, "execution_mean": 0.21133950352668762, "compilation_std": 0.10182587057352066, "execution_std": 0.02527708373963833, "num_runs": 10}, "basic_rpc": {"compilation_mean": 0.7906501293182373, "execution_mean": 0.12768445909023285, "compilation_std": 0.10797949135303497, "execution_std": 0.0004976018099114299, "num_runs": 10}, "basic_stein": {"compilation_mean": 5.8932414054870605, "execution_mean": 0.5535964369773865, "compilation_std": 0.3623763918876648, "execution_std": 0.012414081022143364, "num_runs": 10}}}