{"normalisation": {"compilation": 0.36580953001976013, "execution": 0.8090578317642212}, "results": {"basic_herding": {"compilation_mean": 0.7124054431915283, "execution_mean": 0.19848234951496124, "compilation_std": 0.1701519936323166, "execution_std": 0.01123929861932993, "num_runs": 10}, "basic_rpc": {"compilation_mean": 0.7616798281669617, "execution_mean": 0.12669749557971954, "compilation_std": 0.03928592428565025, "execution_std": 0.0014546825550496578, "num_runs": 10}, "basic_stein": {"compilation_mean": 5.6380767822265625, "execution_mean": 0.5466939806938171, "compilation_std": 0.329723596572876, "execution_std": 0.018527956679463387, "num_runs": 10}}}