{"normalisation": {"compilation": 0.37277838587760925, "execution": 0.7812196612358093}, "results": {"basic_herding": {"compilation_mean": 0.5269345641136169, "execution_mean": 0.19976115226745605, "compilation_std": 0.060529567301273346, "execution_std": 0.007476022932678461, "num_runs": 10}, "basic_rpc": {"compilation_mean": 0.7462686896324158, "execution_mean": 0.12892602384090424, "compilation_std": 0.07136785238981247, "execution_std": 0.0005236765719018877, "num_runs": 10}, "basic_stein": {"compilation_mean": 4.522244930267334, "execution_mean": 0.5692998766899109, "compilation_std": 0.30178555846214294, "execution_std": 0.01502146851271391, "num_runs": 10}}}