{"normalisation": {"compilation": 0.3566606938838959, "execution": 0.8060682415962219}, "results": {"basic_herding": {"compilation_mean": 0.7065742015838623, "execution_mean": 0.19578857719898224, "compilation_std": 0.05713482201099396, "execution_std": 0.0064692068845033646, "num_runs": 10}, "basic_rpc": {"compilation_mean": 0.848991334438324, "execution_mean": 0.12682293355464935, "compilation_std": 0.12107916921377182, "execution_std": 0.0010949056595563889, "num_runs": 10}, "basic_stein": {"compilation_mean": 5.964807987213135, "execution_mean": 0.5400896072387695, "compilation_std": 0.4949946105480194, "execution_std": 0.010643175803124905, "num_runs": 10}}}