{"normalisation": {"compilation": 0.3104681670665741, "execution": 0.8171045184135437}, "results": {"basic_herding": {"compilation_mean": 1.1212552785873413, "execution_mean": 0.08972657471895218, "compilation_std": 0.04295986145734787, "execution_std": 0.0022422480396926403, "num_runs": 10}, "basic_rpc": {"compilation_mean": 1.3211013078689575, "execution_mean": 0.019938772544264793, "compilation_std": 0.02443283051252365, "execution_std": 0.0003136734012514353, "num_runs": 10}, "basic_stein": {"compilation_mean": 5.058760643005371, "execution_mean": 0.30610495805740356, "compilation_std": 0.28783202171325684, "execution_std": 0.007958298549056053, "num_runs": 10}}}