{"normalisation": {"compilation": 0.3726005554199219, "execution": 0.7864559292793274}, "results": {"basic_herding": {"compilation_mean": 0.5088891386985779, "execution_mean": 0.2139344960451126, "compilation_std": 0.08969438821077347, "execution_std": 0.02013002336025238, "num_runs": 10}, "basic_rpc": {"compilation_mean": 0.6313798427581787, "execution_mean": 0.15927152335643768, "compilation_std": 0.042512375861406326, "execution_std": 0.0013481570640578866, "num_runs": 10}, "basic_stein": {"compilation_mean": 4.695365905761719, "execution_mean": 0.5421547293663025, "compilation_std": 0.3970073461532593, "execution_std": 0.007340182084590197, "num_runs": 10}}}