{"normalisation": {"compilation": 0.35294777154922485, "execution": 0.7997769713401794}, "results": {"basic_herding": {"compilation_mean": 0.6935877203941345, "execution_mean": 0.20136497914791107, "compilation_std": 0.06123051792383194, "execution_std": 0.009875340387225151, "num_runs": 10}, "basic_rpc": {"compilation_mean": 0.8097934126853943, "execution_mean": 0.1269827038049698, "compilation_std": 0.1021600291132927, "execution_std": 0.001990156713873148, "num_runs": 10}, "basic_stein": {"compilation_mean": 5.831169128417969, "execution_mean": 0.5545653700828552, "compilation_std": 0.45278552174568176, "execution_std": 0.014123057015240192, "num_runs": 10}}}