{"normalisation": {"compilation": 0.30678197741508484, "execution": 0.7853842377662659}, "results": {"basic_herding": {"compilation_mean": 1.0030540227890015, "execution_mean": 0.18302957713603973, "compilation_std": 0.05576569586992264, "execution_std": 0.008553178049623966, "num_runs": 10}, "basic_rpc": {"compilation_mean": 1.2179487943649292, "execution_mean": 0.02227778173983097, "compilation_std": 0.03609355166554451, "execution_std": 0.00018257973715662956, "num_runs": 10}, "basic_stein": {"compilation_mean": 5.653022289276123, "execution_mean": 0.44632336497306824, "compilation_std": 0.4145618677139282, "execution_std": 0.018737152218818665, "num_runs": 10}}}