{"normalisation": {"compilation": 1.4460495710372925, "execution": 0.6941925883293152}, "results": {"basic_herding": {"compilation_mean": 0.2345389574766159, "execution_mean": 0.1052771732211113, "compilation_std": 0.010743806138634682, "execution_std": 0.0027107286732643843, "num_runs": 10}, "basic_rpc": {"compilation_mean": 0.28685179352760315, "execution_mean": 0.023066578432917595, "compilation_std": 0.014340013265609741, "execution_std": 0.00037372796214185655, "num_runs": 10}, "basic_stein": {"compilation_mean": 1.074269413948059, "execution_mean": 0.3571298122406006, "compilation_std": 0.04591454938054085, "execution_std": 0.017013218253850937, "num_runs": 10}}}