{"normalisation": {"compilation": 0.31492918729782104, "execution": 0.8183402419090271}, "results": {"basic_herding": {"compilation_mean": 1.1032483577728271, "execution_mean": 0.08835672587156296, "compilation_std": 0.05274488776922226, "execution_std": 0.002822981448844075, "num_runs": 10}, "basic_rpc": {"compilation_mean": 1.282904028892517, "execution_mean": 0.019298946484923363, "compilation_std": 0.03593393787741661, "execution_std": 0.0003825835301540792, "num_runs": 10}, "basic_stein": {"compilation_mean": 4.918339729309082, "execution_mean": 0.2945646643638611, "compilation_std": 0.2508549690246582, "execution_std": 0.0072915260680019855, "num_runs": 10}}}