{"normalisation": {"compilation": 0.3483595550060272, "execution": 0.7988404631614685}, "results": {"basic_herding": {"compilation_mean": 0.7287673354148865, "execution_mean": 0.20187325775623322, "compilation_std": 0.09629154950380325, "execution_std": 0.008867728523910046, "num_runs": 10}, "basic_rpc": {"compilation_mean": 0.7840688824653625, "execution_mean": 0.12644921243190765, "compilation_std": 0.025911616161465645, "execution_std": 0.0006337303202599287, "num_runs": 10}, "basic_stein": {"compilation_mean": 5.763602256774902, "execution_mean": 0.5694019198417664, "compilation_std": 0.40025895833969116, "execution_std": 0.014688123017549515, "num_runs": 10}}}