{"normalisation": {"compilation": 0.3052157759666443, "execution": 0.8122282028198242}, "results": {"basic_herding": {"compilation_mean": 0.9353975653648376, "execution_mean": 0.17494742572307587, "compilation_std": 0.04882125183939934, "execution_std": 0.011539755389094353, "num_runs": 10}, "basic_rpc": {"compilation_mean": 1.0669506788253784, "execution_mean": 0.022006919607520103, "compilation_std": 0.032931242138147354, "execution_std": 0.00027592547121457756, "num_runs": 10}, "basic_stein": {"compilation_mean": 5.362808704376221, "execution_mean": 0.4082868993282318, "compilation_std": 0.29444754123687744, "execution_std": 0.010349562391638756, "num_runs": 10}}}