{"normalisation": {"compilation": 0.3665107786655426, "execution": 0.7893755435943604}, "results": {"basic_herding": {"compilation_mean": 0.5713529586791992, "execution_mean": 0.19846171140670776, "compilation_std": 0.07850009202957153, "execution_std": 0.018800346180796623, "num_runs": 10}, "basic_rpc": {"compilation_mean": 0.7525394558906555, "execution_mean": 0.13115821778774261, "compilation_std": 0.05089065060019493, "execution_std": 0.0024554708506911993, "num_runs": 10}, "basic_stein": {"compilation_mean": 4.651918888092041, "execution_mean": 0.5687925815582275, "compilation_std": 0.36923834681510925, "execution_std": 0.021815262734889984, "num_runs": 10}}}