{"normalisation": {"compilation": 0.36425018310546875, "execution": 0.788848340511322}, "results": {"basic_herding": {"compilation_mean": 0.6589521765708923, "execution_mean": 0.20582090318202972, "compilation_std": 0.08334071189165115, "execution_std": 0.008748501539230347, "num_runs": 10}, "basic_rpc": {"compilation_mean": 0.7934629321098328, "execution_mean": 0.13048182427883148, "compilation_std": 0.1021781712770462, "execution_std": 0.0016208087326958776, "num_runs": 10}, "basic_stein": {"compilation_mean": 5.71298360824585, "execution_mean": 0.5640546679496765, "compilation_std": 0.3592858910560608, "execution_std": 0.018436890095472336, "num_runs": 10}}}