{"normalisation": {"compilation": 0.34550875425338745, "execution": 0.8092114329338074}, "results": {"basic_herding": {"compilation_mean": 0.7190606594085693, "execution_mean": 0.19672532379627228, "compilation_std": 0.11044878512620926, "execution_std": 0.008088277652859688, "num_runs": 10}, "basic_rpc": {"compilation_mean": 0.7797741889953613, "execution_mean": 0.12607455253601074, "compilation_std": 0.03259783983230591, "execution_std": 0.0010802352335304022, "num_runs": 10}, "basic_stein": {"compilation_mean": 5.950305938720703, "execution_mean": 0.5619019865989685, "compilation_std": 0.4516584277153015, "execution_std": 0.010787079110741615, "num_runs": 10}}}