{"normalisation": {"compilation": 0.32856330275535583, "execution": 0.805159866809845}, "results": {"basic_herding": {"compilation_mean": 0.9500778317451477, "execution_mean": 0.1805262416601181, "compilation_std": 0.05282842740416527, "execution_std": 0.00887750182300806, "num_runs": 10}, "basic_rpc": {"compilation_mean": 1.2046608924865723, "execution_mean": 0.022140083834528923, "compilation_std": 0.04748030751943588, "execution_std": 0.00029636960243806243, "num_runs": 10}, "basic_stein": {"compilation_mean": 5.390689373016357, "execution_mean": 0.43209195137023926, "compilation_std": 0.3951148986816406, "execution_std": 0.017737651243805885, "num_runs": 10}}}