{"normalisation": {"compilation": 0.279506653547287, "execution": 0.8370146751403809}, "results": {"basic_herding": {"compilation_mean": 0.9735514521598816, "execution_mean": 0.1695040911436081, "compilation_std": 0.06033054366707802, "execution_std": 0.0071923439390957355, "num_runs": 10}, "basic_rpc": {"compilation_mean": 1.1191332340240479, "execution_mean": 0.02145705558359623, "compilation_std": 0.030889809131622314, "execution_std": 0.0006256309570744634, "num_runs": 10}, "basic_stein": {"compilation_mean": 5.578083038330078, "execution_mean": 0.40533825755119324, "compilation_std": 0.3345033526420593, "execution_std": 0.01145283505320549, "num_runs": 10}}}