{"normalisation": {"compilation": 0.6621371507644653, "execution": 0.6898109316825867}, "results": {"basic_herding": {"compilation_mean": 0.5361842513084412, "execution_mean": 0.053881872445344925, "compilation_std": 0.01535070687532425, "execution_std": 0.0024947805795818567, "num_runs": 10}, "basic_rpc": {"compilation_mean": 0.6540866494178772, "execution_mean": 0.022471468895673752, "compilation_std": 0.01771576888859272, "execution_std": 0.00021935768018011004, "num_runs": 10}, "basic_stein": {"compilation_mean": 2.1883440017700195, "execution_mean": 0.4080475866794586, "compilation_std": 0.08501749485731125, "execution_std": 0.016889402642846107, "num_runs": 10}}}