{"normalisation": {"compilation": 0.382156103849411, "execution": 0.8117300271987915}, "results": {"basic_herding": {"compilation_mean": 0.8521552085876465, "execution_mean": 0.17987602949142456, "compilation_std": 0.04936903342604637, "execution_std": 0.010002205148339272, "num_runs": 10}, "basic_rpc": {"compilation_mean": 0.9971603751182556, "execution_mean": 0.022397618740797043, "compilation_std": 0.02659182995557785, "execution_std": 0.0004097110650036484, "num_runs": 10}, "basic_stein": {"compilation_mean": 4.26611852645874, "execution_mean": 0.4026411175727844, "compilation_std": 0.1854366809129715, "execution_std": 0.013760626316070557, "num_runs": 10}}}