{"normalisation": {"compilation": 0.355383962392807, "execution": 0.7879354953765869}, "results": {"basic_herding": {"compilation_mean": 0.7135158777236938, "execution_mean": 0.20371150970458984, "compilation_std": 0.07602369040250778, "execution_std": 0.007131457328796387, "num_runs": 10}, "basic_rpc": {"compilation_mean": 0.786903977394104, "execution_mean": 0.13014154136180878, "compilation_std": 0.04697088897228241, "execution_std": 0.003109782701358199, "num_runs": 10}, "basic_stein": {"compilation_mean": 5.738450050354004, "execution_mean": 0.5632700324058533, "compilation_std": 0.31855207681655884, "execution_std": 0.011572794988751411, "num_runs": 10}}}