{"normalisation": {"compilation": 1.4528957605361938, "execution": 0.7159504294395447}, "results": {"basic_herding": {"compilation_mean": 0.2467663586139679, "execution_mean": 0.10193350166082382, "compilation_std": 0.0073371706530451775, "execution_std": 0.0021387790329754353, "num_runs": 10}, "basic_rpc": {"compilation_mean": 0.2928931713104248, "execution_mean": 0.022059563547372818, "compilation_std": 0.023128945380449295, "execution_std": 0.0002821929519996047, "num_runs": 10}, "basic_stein": {"compilation_mean": 1.1136748790740967, "execution_mean": 0.34764474630355835, "compilation_std": 0.050125833600759506, "execution_std": 0.006766267120838165, "num_runs": 10}}}