{"normalisation": {"compilation": 0.3622707426548004, "execution": 0.7958065867424011}, "results": {"basic_herding": {"compilation_mean": 0.7295469641685486, "execution_mean": 0.1988539695739746, "compilation_std": 0.09869933873414993, "execution_std": 0.009313357062637806, "num_runs": 10}, "basic_rpc": {"compilation_mean": 0.7532128691673279, "execution_mean": 0.13009533286094666, "compilation_std": 0.03341515734791756, "execution_std": 0.0009230185532942414, "num_runs": 10}, "basic_stein": {"compilation_mean": 5.73699426651001, "execution_mean": 0.5450992584228516, "compilation_std": 0.41108593344688416, "execution_std": 0.010085592046380043, "num_runs": 10}}}