{"normalisation": {"compilation": 0.6547183990478516, "execution": 0.6888319253921509}, "results": {"basic_herding": {"compilation_mean": 0.5552842617034912, "execution_mean": 0.05345145985484123, "compilation_std": 0.0352226197719574, "execution_std": 0.002209681086242199, "num_runs": 10}, "basic_rpc": {"compilation_mean": 0.6703038215637207, "execution_mean": 0.022696660831570625, "compilation_std": 0.017111003398895264, "execution_std": 9.323377162218094e-05, "num_runs": 10}, "basic_stein": {"compilation_mean": 2.206165313720703, "execution_mean": 0.4249376952648163, "compilation_std": 0.07680907100439072, "execution_std": 0.010248380713164806, "num_runs": 10}}}