{"normalisation": {"compilation": 0.3008718192577362, "execution": 0.8130016326904297}, "results": {"basic_herding": {"compilation_mean": 0.9141913652420044, "execution_mean": 0.17577902972698212, "compilation_std": 0.04024676978588104, "execution_std": 0.008689358830451965, "num_runs": 10}, "basic_rpc": {"compilation_mean": 1.0576540231704712, "execution_mean": 0.021779416128993034, "compilation_std": 0.030648579820990562, "execution_std": 0.00013336505799088627, "num_runs": 10}, "basic_stein": {"compilation_mean": 5.178259372711182, "execution_mean": 0.419567734003067, "compilation_std": 0.3012026250362396, "execution_std": 0.01720685139298439, "num_runs": 10}}}