{"normalisation": {"compilation": 0.3489045798778534, "execution": 0.8070905804634094}, "results": {"basic_herding": {"compilation_mean": 0.7255405783653259, "execution_mean": 0.2030075043439865, "compilation_std": 0.11333860456943512, "execution_std": 0.018079016357660294, "num_runs": 10}, "basic_rpc": {"compilation_mean": 0.7873460650444031, "execution_mean": 0.1273450404405594, "compilation_std": 0.036735765635967255, "execution_std": 0.0005598677089437842, "num_runs": 10}, "basic_stein": {"compilation_mean": 5.8193488121032715, "execution_mean": 0.5399718284606934, "compilation_std": 0.3255610466003418, "execution_std": 0.011502527631819248, "num_runs": 10}}}