{"normalisation": {"compilation": 0.35999366641044617, "execution": 0.800661027431488}, "results": {"basic_herding": {"compilation_mean": 0.6652233600616455, "execution_mean": 0.1991318315267563, "compilation_std": 0.049091637134552, "execution_std": 0.011917016468942165, "num_runs": 10}, "basic_rpc": {"compilation_mean": 0.7981873750686646, "execution_mean": 0.12816576659679413, "compilation_std": 0.10423441231250763, "execution_std": 0.0006699455552734435, "num_runs": 10}, "basic_stein": {"compilation_mean": 5.883450031280518, "execution_mean": 0.5493180155754089, "compilation_std": 0.38080155849456787, "execution_std": 0.01336677186191082, "num_runs": 10}}}