{"normalisation": {"compilation": 0.5186058282852173, "execution": 0.6860554218292236}, "results": {"basic_herding": {"compilation_mean": 0.43443557620048523, "execution_mean": 2.5836846828460693, "compilation_std": 0.045802097767591476, "execution_std": 0.021199412643909454, "num_runs": 10}, "basic_rpc": {"compilation_mean": 0.5838775634765625, "execution_mean": 0.1970389485359192, "compilation_std": 0.017610851675271988, "execution_std": 0.0007585060084238648, "num_runs": 10}, "basic_stein": {"compilation_mean": 3.291471481323242, "execution_mean": 2.9466705322265625, "compilation_std": 0.2202662080526352, "execution_std": 0.026792451739311218, "num_runs": 10}}}