{"normalisation": {"compilation": 0.36162737011909485, "execution": 0.8006606101989746}, "results": {"basic_herding": {"compilation_mean": 0.6595649123191833, "execution_mean": 0.19997526705265045, "compilation_std": 0.056978557258844376, "execution_std": 0.010197079740464687, "num_runs": 10}, "basic_rpc": {"compilation_mean": 0.7983660101890564, "execution_mean": 0.1307218074798584, "compilation_std": 0.10178091377019882, "execution_std": 0.003927362617105246, "num_runs": 10}, "basic_stein": {"compilation_mean": 5.7054572105407715, "execution_mean": 0.564888060092926, "compilation_std": 0.39682820439338684, "execution_std": 0.01835145242512226, "num_runs": 10}}}