{"normalisation": {"compilation": 0.34766843914985657, "execution": 0.8037368059158325}, "results": {"basic_herding": {"compilation_mean": 0.6886741518974304, "execution_mean": 0.19892637431621552, "compilation_std": 0.06908482313156128, "execution_std": 0.011070886626839638, "num_runs": 10}, "basic_rpc": {"compilation_mean": 0.8293280005455017, "execution_mean": 0.12512651085853577, "compilation_std": 0.13229544460773468, "execution_std": 0.0009551618131808937, "num_runs": 10}, "basic_stein": {"compilation_mean": 5.935156345367432, "execution_mean": 0.5500509738922119, "compilation_std": 0.41273993253707886, "execution_std": 0.015295954421162605, "num_runs": 10}}}