{"normalisation": {"compilation": 0.2924678325653076, "execution": 0.8163743019104004}, "results": {"basic_herding": {"compilation_mean": 0.9537307024002075, "execution_mean": 0.1663939207792282, "compilation_std": 0.05276958644390106, "execution_std": 0.009027940221130848, "num_runs": 10}, "basic_rpc": {"compilation_mean": 1.085091471672058, "execution_mean": 0.02234233170747757, "compilation_std": 0.028222940862178802, "execution_std": 0.00017365379608236253, "num_runs": 10}, "basic_stein": {"compilation_mean": 5.3158698081970215, "execution_mean": 0.4039250910282135, "compilation_std": 0.2983202636241913, "execution_std": 0.0123106325045228, "num_runs": 10}}}