{"normalisation": {"compilation": 0.574237048625946, "execution": 0.7705017924308777}, "results": {"basic_herding": {"compilation_mean": 0.6233697533607483, "execution_mean": 0.047678809612989426, "compilation_std": 0.04002613201737404, "execution_std": 0.0031876026187092066, "num_runs": 10}, "basic_rpc": {"compilation_mean": 0.7617350816726685, "execution_mean": 0.021877270191907883, "compilation_std": 0.013996855355799198, "execution_std": 0.00015590364637318999, "num_runs": 10}, "basic_stein": {"compilation_mean": 2.4152653217315674, "execution_mean": 0.3615231215953827, "compilation_std": 0.07468204200267792, "execution_std": 0.009878000244498253, "num_runs": 10}}}