{"normalisation": {"compilation": 0.35591745376586914, "execution": 0.8003819584846497}, "results": {"basic_herding": {"compilation_mean": 0.6701902151107788, "execution_mean": 0.20319847762584686, "compilation_std": 0.058024633675813675, "execution_std": 0.008358794264495373, "num_runs": 10}, "basic_rpc": {"compilation_mean": 0.7980102896690369, "execution_mean": 0.12798622250556946, "compilation_std": 0.12048827856779099, "execution_std": 0.0008317986503243446, "num_runs": 10}, "basic_stein": {"compilation_mean": 5.784581661224365, "execution_mean": 0.5643790364265442, "compilation_std": 0.4289661645889282, "execution_std": 0.014749632216989994, "num_runs": 10}}}