{"normalisation": {"compilation": 0.3648211359977722, "execution": 0.804733395576477}, "results": {"basic_herding": {"compilation_mean": 0.7090461850166321, "execution_mean": 0.19968123733997345, "compilation_std": 0.12191956490278244, "execution_std": 0.010549427010118961, "num_runs": 10}, "basic_rpc": {"compilation_mean": 0.8298231363296509, "execution_mean": 0.12911097705364227, "compilation_std": 0.11220467835664749, "execution_std": 0.0004502868396230042, "num_runs": 10}, "basic_stein": {"compilation_mean": 5.895718574523926, "execution_mean": 0.5477471947669983, "compilation_std": 0.4523051381111145, "execution_std": 0.01504850946366787, "num_runs": 10}}}