{"normalisation": {"compilation": 1.4515775442123413, "execution": 0.7110759019851685}, "results": {"basic_herding": {"compilation_mean": 0.24756279587745667, "execution_mean": 0.10113214701414108, "compilation_std": 0.007127635646611452, "execution_std": 0.001383810886181891, "num_runs": 10}, "basic_rpc": {"compilation_mean": 0.30182191729545593, "execution_mean": 0.02301456592977047, "compilation_std": 0.024330900982022285, "execution_std": 0.0020359831396490335, "num_runs": 10}, "basic_stein": {"compilation_mean": 1.1291122436523438, "execution_mean": 0.36350375413894653, "compilation_std": 0.0433376282453537, "execution_std": 0.013771708123385906, "num_runs": 10}}}