{"normalisation": {"compilation": 0.3493345379829407, "execution": 0.8038930892944336}, "results": {"basic_herding": {"compilation_mean": 0.7212370038032532, "execution_mean": 0.19581234455108643, "compilation_std": 0.08526238799095154, "execution_std": 0.007627442013472319, "num_runs": 10}, "basic_rpc": {"compilation_mean": 0.7935444712638855, "execution_mean": 0.12575314939022064, "compilation_std": 0.029596980661153793, "execution_std": 0.0007059723138809204, "num_runs": 10}, "basic_stein": {"compilation_mean": 5.883162498474121, "execution_mean": 0.5560693740844727, "compilation_std": 0.36139389872550964, "execution_std": 0.01268396433442831, "num_runs": 10}}}