{"normalisation": {"compilation": 0.36239638924598694, "execution": 0.8007785677909851}, "results": {"basic_herding": {"compilation_mean": 0.5746899843215942, "execution_mean": 0.19192562997341156, "compilation_std": 0.09948612004518509, "execution_std": 0.009109900332987309, "num_runs": 10}, "basic_rpc": {"compilation_mean": 0.6279508471488953, "execution_mean": 0.15540803968906403, "compilation_std": 0.03974752500653267, "execution_std": 0.0007420220645144582, "num_runs": 10}, "basic_stein": {"compilation_mean": 4.642439365386963, "execution_mean": 0.5298031568527222, "compilation_std": 0.3362153172492981, "execution_std": 0.01095576398074627, "num_runs": 10}}}