{"normalisation": {"compilation": 0.33936962485313416, "execution": 0.8013262152671814}, "results": {"basic_herding": {"compilation_mean": 0.8641802072525024, "execution_mean": 0.18742096424102783, "compilation_std": 0.07600391656160355, "execution_std": 0.012309091165661812, "num_runs": 10}, "basic_rpc": {"compilation_mean": 1.0895944833755493, "execution_mean": 0.02283845655620098, "compilation_std": 0.027999309822916985, "execution_std": 0.00022917040041647851, "num_runs": 10}, "basic_stein": {"compilation_mean": 4.3985724449157715, "execution_mean": 0.4205901324748993, "compilation_std": 0.19904594123363495, "execution_std": 0.017092665657401085, "num_runs": 10}}}