{"normalisation": {"compilation": 0.3500392735004425, "execution": 0.8001457452774048}, "results": {"basic_herding": {"compilation_mean": 0.725685715675354, "execution_mean": 0.20167365670204163, "compilation_std": 0.10752907395362854, "execution_std": 0.011999635025858879, "num_runs": 10}, "basic_rpc": {"compilation_mean": 0.7923577427864075, "execution_mean": 0.12836363911628723, "compilation_std": 0.033530231565237045, "execution_std": 0.0007959514041431248, "num_runs": 10}, "basic_stein": {"compilation_mean": 5.97288179397583, "execution_mean": 0.5545862913131714, "compilation_std": 0.2911137044429779, "execution_std": 0.012585872784256935, "num_runs": 10}}}