{"normalisation": {"compilation": 0.36491718888282776, "execution": 0.810123085975647}, "results": {"basic_herding": {"compilation_mean": 0.7258424162864685, "execution_mean": 0.1960131824016571, "compilation_std": 0.15962378680706024, "execution_std": 0.012576326727867126, "num_runs": 10}, "basic_rpc": {"compilation_mean": 0.7574604749679565, "execution_mean": 0.12982046604156494, "compilation_std": 0.03601948916912079, "execution_std": 0.002305310685187578, "num_runs": 10}, "basic_stein": {"compilation_mean": 5.535097599029541, "execution_mean": 0.5519930720329285, "compilation_std": 0.3705686032772064, "execution_std": 0.012352688238024712, "num_runs": 10}}}