{"normalisation": {"compilation": 1.4344501495361328, "execution": 0.6962641477584839}, "results": {"basic_herding": {"compilation_mean": 0.24439595639705658, "execution_mean": 0.10418391227722168, "compilation_std": 0.009914358146488667, "execution_std": 0.002666497603058815, "num_runs": 10}, "basic_rpc": {"compilation_mean": 0.29403042793273926, "execution_mean": 0.023545758798718452, "compilation_std": 0.018132872879505157, "execution_std": 0.00048158972640521824, "num_runs": 10}, "basic_stein": {"compilation_mean": 1.1247910261154175, "execution_mean": 0.36798426508903503, "compilation_std": 0.05068051815032959, "execution_std": 0.01207552570849657, "num_runs": 10}}}