{"normalisation": {"compilation": 1.4384024143218994, "execution": 0.6962528228759766}, "results": {"basic_herding": {"compilation_mean": 0.2415747195482254, "execution_mean": 0.1047772765159607, "compilation_std": 0.010329099372029305, "execution_std": 0.003822827711701393, "num_runs": 10}, "basic_rpc": {"compilation_mean": 0.29327717423439026, "execution_mean": 0.023090915754437447, "compilation_std": 0.016806017607450485, "execution_std": 0.00027234837762080133, "num_runs": 10}, "basic_stein": {"compilation_mean": 1.088010549545288, "execution_mean": 0.3497903048992157, "compilation_std": 0.03991708531975746, "execution_std": 0.01792995072901249, "num_runs": 10}}}