{"normalisation": {"compilation": 0.36573055386543274, "execution": 0.7975410223007202}, "results": {"basic_herding": {"compilation_mean": 0.5591330528259277, "execution_mean": 0.1944848746061325, "compilation_std": 0.08865515887737274, "execution_std": 0.0036899298429489136, "num_runs": 10}, "basic_rpc": {"compilation_mean": 0.7394848465919495, "execution_mean": 0.12865597009658813, "compilation_std": 0.027956994250416756, "execution_std": 0.0008342539076693356, "num_runs": 10}, "basic_stein": {"compilation_mean": 4.626571178436279, "execution_mean": 0.5730013251304626, "compilation_std": 0.2993597686290741, "execution_std": 0.015434221364557743, "num_runs": 10}}}