{"normalisation": {"compilation": 0.3525172173976898, "execution": 0.7957586646080017}, "results": {"basic_herding": {"compilation_mean": 0.6778757572174072, "execution_mean": 0.20358844101428986, "compilation_std": 0.05805359408259392, "execution_std": 0.009934898465871811, "num_runs": 10}, "basic_rpc": {"compilation_mean": 0.8063330054283142, "execution_mean": 0.12917007505893707, "compilation_std": 0.1125616505742073, "execution_std": 0.0006872166995890439, "num_runs": 10}, "basic_stein": {"compilation_mean": 5.8812456130981445, "execution_mean": 0.5699535608291626, "compilation_std": 0.4453657269477844, "execution_std": 0.007686513476073742, "num_runs": 10}}}