{"normalisation": {"compilation": 0.6486386060714722, "execution": 0.6985065937042236}, "results": {"basic_herding": {"compilation_mean": 0.5710172653198242, "execution_mean": 0.05328453704714775, "compilation_std": 0.03840493783354759, "execution_std": 0.0024768351577222347, "num_runs": 10}, "basic_rpc": {"compilation_mean": 0.6803318858146667, "execution_mean": 0.02305758371949196, "compilation_std": 0.01081910915672779, "execution_std": 0.0004359135637059808, "num_runs": 10}, "basic_stein": {"compilation_mean": 2.2420825958251953, "execution_mean": 0.4148545265197754, "compilation_std": 0.09313267469406128, "execution_std": 0.009266158565878868, "num_runs": 10}}}