{"normalisation": {"compilation": 0.36483559012413025, "execution": 0.7902703881263733}, "results": {"basic_herding": {"compilation_mean": 0.5389941930770874, "execution_mean": 0.2027992457151413, "compilation_std": 0.08160214871168137, "execution_std": 0.017258157953619957, "num_runs": 10}, "basic_rpc": {"compilation_mean": 0.7375330328941345, "execution_mean": 0.12767091393470764, "compilation_std": 0.03233090415596962, "execution_std": 0.0008220821036957204, "num_runs": 10}, "basic_stein": {"compilation_mean": 4.647603511810303, "execution_mean": 0.5714721083641052, "compilation_std": 0.34346044063568115, "execution_std": 0.016926420852541924, "num_runs": 10}}}