{"normalisation": {"compilation": 0.3524015545845032, "execution": 0.806614100933075}, "results": {"basic_herding": {"compilation_mean": 0.7294346690177917, "execution_mean": 0.19967085123062134, "compilation_std": 0.09183306992053986, "execution_std": 0.00992215983569622, "num_runs": 10}, "basic_rpc": {"compilation_mean": 0.7972432374954224, "execution_mean": 0.1276659220457077, "compilation_std": 0.03941582143306732, "execution_std": 0.0032364865764975548, "num_runs": 10}, "basic_stein": {"compilation_mean": 5.753568649291992, "execution_mean": 0.5415040850639343, "compilation_std": 0.39551618695259094, "execution_std": 0.010559330694377422, "num_runs": 10}}}