{"normalisation": {"compilation": 0.34584951400756836, "execution": 0.7924506068229675}, "results": {"basic_herding": {"compilation_mean": 0.7408307790756226, "execution_mean": 0.1985412836074829, "compilation_std": 0.12797988951206207, "execution_std": 0.011015604250133038, "num_runs": 10}, "basic_rpc": {"compilation_mean": 0.7943131327629089, "execution_mean": 0.12941916286945343, "compilation_std": 0.03473823517560959, "execution_std": 0.0009318970842286944, "num_runs": 10}, "basic_stein": {"compilation_mean": 5.905358791351318, "execution_mean": 0.5489184856414795, "compilation_std": 0.34227073192596436, "execution_std": 0.013547112233936787, "num_runs": 10}}}