{"normalisation": {"compilation": 0.3029327988624573, "execution": 0.7976349592208862}, "results": {"basic_herding": {"compilation_mean": 0.9582744836807251, "execution_mean": 0.17849507927894592, "compilation_std": 0.051860883831977844, "execution_std": 0.00969064049422741, "num_runs": 10}, "basic_rpc": {"compilation_mean": 1.1291275024414062, "execution_mean": 0.022837338969111443, "compilation_std": 0.05408236384391785, "execution_std": 0.0005032364861108363, "num_runs": 10}, "basic_stein": {"compilation_mean": 5.554428577423096, "execution_mean": 0.42045649886131287, "compilation_std": 0.3576068878173828, "execution_std": 0.009037386626005173, "num_runs": 10}}}