{"normalisation": {"compilation": 0.3907812237739563, "execution": 0.8007698059082031}, "results": {"basic_herding": {"compilation_mean": 0.5360997319221497, "execution_mean": 0.1928098350763321, "compilation_std": 0.09085989743471146, "execution_std": 0.00562832597643137, "num_runs": 10}, "basic_rpc": {"compilation_mean": 0.7153438925743103, "execution_mean": 0.14042441546916962, "compilation_std": 0.03419172391295433, "execution_std": 0.0007696065586060286, "num_runs": 10}, "basic_stein": {"compilation_mean": 4.465489864349365, "execution_mean": 0.5520466566085815, "compilation_std": 0.34991565346717834, "execution_std": 0.01721320115029812, "num_runs": 10}}}