{"normalisation": {"compilation": 1.5433090925216675, "execution": 0.7161955237388611}, "results": {"basic_herding": {"compilation_mean": 0.24544928967952728, "execution_mean": 0.10621350258588791, "compilation_std": 0.015483793802559376, "execution_std": 0.010005108080804348, "num_runs": 10}, "basic_rpc": {"compilation_mean": 0.2756544053554535, "execution_mean": 0.022777052596211433, "compilation_std": 0.02325577661395073, "execution_std": 0.00018129362433683127, "num_runs": 10}, "basic_stein": {"compilation_mean": 1.0723642110824585, "execution_mean": 0.3460891544818878, "compilation_std": 0.10348133742809296, "execution_std": 0.021563906222581863, "num_runs": 10}}}