{"normalisation": {"compilation": 0.35496172308921814, "execution": 0.7992693781852722}, "results": {"basic_herding": {"compilation_mean": 0.657001793384552, "execution_mean": 0.20243604481220245, "compilation_std": 0.07441555708646774, "execution_std": 0.011046340689063072, "num_runs": 10}, "basic_rpc": {"compilation_mean": 0.7904289960861206, "execution_mean": 0.13196004927158356, "compilation_std": 0.09756562113761902, "execution_std": 0.004033354111015797, "num_runs": 10}, "basic_stein": {"compilation_mean": 5.7484259605407715, "execution_mean": 0.5420886874198914, "compilation_std": 0.45179006457328796, "execution_std": 0.007627518847584724, "num_runs": 10}}}