{"normalisation": {"compilation": 0.36015745997428894, "execution": 0.7905214428901672}, "results": {"basic_herding": {"compilation_mean": 0.5627247095108032, "execution_mean": 0.19990698993206024, "compilation_std": 0.08625395596027374, "execution_std": 0.012082143686711788, "num_runs": 10}, "basic_rpc": {"compilation_mean": 0.7609933018684387, "execution_mean": 0.1272200644016266, "compilation_std": 0.03542179986834526, "execution_std": 0.0004178775707259774, "num_runs": 10}, "basic_stein": {"compilation_mean": 4.736257076263428, "execution_mean": 0.5622703433036804, "compilation_std": 0.3144695460796356, "execution_std": 0.022063368931412697, "num_runs": 10}}}