{"normalisation": {"compilation": 0.3213290870189667, "execution": 0.8087461590766907}, "results": {"basic_herding": {"compilation_mean": 0.9914723634719849, "execution_mean": 0.18391145765781403, "compilation_std": 0.06948275119066238, "execution_std": 0.013012560084462166, "num_runs": 10}, "basic_rpc": {"compilation_mean": 1.2084190845489502, "execution_mean": 0.021719858050346375, "compilation_std": 0.04720573499798775, "execution_std": 0.0004999112570658326, "num_runs": 10}, "basic_stein": {"compilation_mean": 5.597275733947754, "execution_mean": 0.4245290458202362, "compilation_std": 0.38102033734321594, "execution_std": 0.012602021917700768, "num_runs": 10}}}