{"normalisation": {"compilation": 0.3509489595890045, "execution": 0.8093054890632629}, "results": {"basic_herding": {"compilation_mean": 0.6798498034477234, "execution_mean": 0.20086131989955902, "compilation_std": 0.06504913419485092, "execution_std": 0.008651211857795715, "num_runs": 10}, "basic_rpc": {"compilation_mean": 0.8294106721878052, "execution_mean": 0.12467066198587418, "compilation_std": 0.14406472444534302, "execution_std": 0.00039500853745266795, "num_runs": 10}, "basic_stein": {"compilation_mean": 5.932221412658691, "execution_mean": 0.5579144358634949, "compilation_std": 0.3963838219642639, "execution_std": 0.015732530504465103, "num_runs": 10}}}