{"normalisation": {"compilation": 0.3488590121269226, "execution": 0.801299512386322}, "results": {"basic_herding": {"compilation_mean": 0.7056818008422852, "execution_mean": 0.19835945963859558, "compilation_std": 0.08678819984197617, "execution_std": 0.010314781218767166, "num_runs": 10}, "basic_rpc": {"compilation_mean": 0.8328839540481567, "execution_mean": 0.13132533431053162, "compilation_std": 0.12048786878585815, "execution_std": 0.0007665716693736613, "num_runs": 10}, "basic_stein": {"compilation_mean": 5.9132819175720215, "execution_mean": 0.5594643950462341, "compilation_std": 0.4906664490699768, "execution_std": 0.008770319633185863, "num_runs": 10}}}