{"normalisation": {"compilation": 0.35771211981773376, "execution": 0.7806863188743591}, "results": {"basic_herding": {"compilation_mean": 0.563998818397522, "execution_mean": 0.1975683569908142, "compilation_std": 0.08933708071708679, "execution_std": 0.008693929761648178, "num_runs": 10}, "basic_rpc": {"compilation_mean": 0.7676306962966919, "execution_mean": 0.1300828605890274, "compilation_std": 0.04412907361984253, "execution_std": 0.002244967268779874, "num_runs": 10}, "basic_stein": {"compilation_mean": 4.6844048500061035, "execution_mean": 0.5698235630989075, "compilation_std": 0.3925839960575104, "execution_std": 0.014555886387825012, "num_runs": 10}}}