{"normalisation": {"compilation": 0.35537558794021606, "execution": 0.8016490936279297}, "results": {"basic_herding": {"compilation_mean": 0.6952294111251831, "execution_mean": 0.1996794044971466, "compilation_std": 0.05438214913010597, "execution_std": 0.00908327754586935, "num_runs": 10}, "basic_rpc": {"compilation_mean": 0.79975825548172, "execution_mean": 0.12960028648376465, "compilation_std": 0.09984546899795532, "execution_std": 0.0005830873269587755, "num_runs": 10}, "basic_stein": {"compilation_mean": 5.817614555358887, "execution_mean": 0.5525620579719543, "compilation_std": 0.46276041865348816, "execution_std": 0.021855708211660385, "num_runs": 10}}}