{"normalisation": {"compilation": 0.35942697525024414, "execution": 0.7947954535484314}, "results": {"basic_herding": {"compilation_mean": 0.700265109539032, "execution_mean": 0.20527981221675873, "compilation_std": 0.07091312855482101, "execution_std": 0.017277274280786514, "num_runs": 10}, "basic_rpc": {"compilation_mean": 0.8299013376235962, "execution_mean": 0.12750867009162903, "compilation_std": 0.1175517812371254, "execution_std": 0.0007228967151604593, "num_runs": 10}, "basic_stein": {"compilation_mean": 6.079793453216553, "execution_mean": 0.5576891899108887, "compilation_std": 0.4486709237098694, "execution_std": 0.014355264604091644, "num_runs": 10}}}