{"normalisation": {"compilation": 0.3226931691169739, "execution": 0.8137804865837097}, "results": {"basic_herding": {"compilation_mean": 0.9923109412193298, "execution_mean": 0.1803847700357437, "compilation_std": 0.06357995420694351, "execution_std": 0.00893300212919712, "num_runs": 10}, "basic_rpc": {"compilation_mean": 1.2364267110824585, "execution_mean": 0.022297289222478867, "compilation_std": 0.057031821459531784, "execution_std": 0.000201973962248303, "num_runs": 10}, "basic_stein": {"compilation_mean": 5.572827339172363, "execution_mean": 0.41632452607154846, "compilation_std": 0.38528499007225037, "execution_std": 0.018084708601236343, "num_runs": 10}}}