{"normalisation": {"compilation": 0.304239958524704, "execution": 0.8171886801719666}, "results": {"basic_herding": {"compilation_mean": 1.1414496898651123, "execution_mean": 0.08980979770421982, "compilation_std": 0.048169977962970734, "execution_std": 0.0027511906810104847, "num_runs": 10}, "basic_rpc": {"compilation_mean": 1.4218671321868896, "execution_mean": 0.019880084320902824, "compilation_std": 0.13386143743991852, "execution_std": 0.0006069059600122273, "num_runs": 10}, "basic_stein": {"compilation_mean": 5.240869045257568, "execution_mean": 0.3128925859928131, "compilation_std": 0.2761369049549103, "execution_std": 0.007865394465625286, "num_runs": 10}}}