{"normalisation": {"compilation": 0.5152809619903564, "execution": 0.6813728213310242}, "results": {"basic_herding": {"compilation_mean": 0.41875192523002625, "execution_mean": 2.549304246902466, "compilation_std": 0.06617942452430725, "execution_std": 0.030447833240032196, "num_runs": 10}, "basic_rpc": {"compilation_mean": 0.5956823229789734, "execution_mean": 0.19362661242485046, "compilation_std": 0.036733873188495636, "execution_std": 0.0010209967149421573, "num_runs": 10}, "basic_stein": {"compilation_mean": 3.1928939819335938, "execution_mean": 2.866706132888794, "compilation_std": 0.1790097951889038, "execution_std": 0.045943424105644226, "num_runs": 10}}}