{"normalisation": {"compilation": 1.4536540508270264, "execution": 0.7008532285690308}, "results": {"basic_herding": {"compilation_mean": 0.24921591579914093, "execution_mean": 0.09782996773719788, "compilation_std": 0.010288598947227001, "execution_std": 0.0007928994600661099, "num_runs": 10}, "basic_rpc": {"compilation_mean": 0.3021791875362396, "execution_mean": 0.02415808103978634, "compilation_std": 0.01888146437704563, "execution_std": 0.00045696753659285605, "num_runs": 10}, "basic_stein": {"compilation_mean": 1.1490514278411865, "execution_mean": 0.34313902258872986, "compilation_std": 0.053694985806941986, "execution_std": 0.008886506780982018, "num_runs": 10}}}