{"normalisation": {"compilation": 0.5714782476425171, "execution": 0.7736971974372864}, "results": {"basic_herding": {"compilation_mean": 0.628367006778717, "execution_mean": 0.04660878702998161, "compilation_std": 0.0651259496808052, "execution_std": 0.00370361702516675, "num_runs": 10}, "basic_rpc": {"compilation_mean": 0.7648578882217407, "execution_mean": 0.021695561707019806, "compilation_std": 0.019358856603503227, "execution_std": 0.00020078319357708097, "num_runs": 10}, "basic_stein": {"compilation_mean": 2.4384448528289795, "execution_mean": 0.36214572191238403, "compilation_std": 0.10657215118408203, "execution_std": 0.00873140711337328, "num_runs": 10}}}