{"normalisation": {"compilation": 0.3516766130924225, "execution": 0.7873876690864563}, "results": {"basic_herding": {"compilation_mean": 0.6828991770744324, "execution_mean": 0.2051476687192917, "compilation_std": 0.09442928433418274, "execution_std": 0.011920562945306301, "num_runs": 10}, "basic_rpc": {"compilation_mean": 0.7794550657272339, "execution_mean": 0.12963759899139404, "compilation_std": 0.03235861286520958, "execution_std": 0.0005416159983724356, "num_runs": 10}, "basic_stein": {"compilation_mean": 5.6269612312316895, "execution_mean": 0.5685557723045349, "compilation_std": 0.334415078163147, "execution_std": 0.01423515286296606, "num_runs": 10}}}