{"normalisation": {"compilation": 0.36425700783729553, "execution": 0.7963715195655823}, "results": {"basic_herding": {"compilation_mean": 0.5627506375312805, "execution_mean": 0.19277513027191162, "compilation_std": 0.06415924429893494, "execution_std": 0.007793257478624582, "num_runs": 10}, "basic_rpc": {"compilation_mean": 0.616923987865448, "execution_mean": 0.1571589857339859, "compilation_std": 0.027583306655287743, "execution_std": 0.0004965092521160841, "num_runs": 10}, "basic_stein": {"compilation_mean": 4.75325345993042, "execution_mean": 0.5168513655662537, "compilation_std": 0.3387329578399658, "execution_std": 0.013038776814937592, "num_runs": 10}}}