{"normalisation": {"compilation": 0.3626302480697632, "execution": 0.8190485835075378}, "results": {"basic_herding": {"compilation_mean": 0.7302243113517761, "execution_mean": 0.20356228947639465, "compilation_std": 0.09434731304645538, "execution_std": 0.013845674693584442, "num_runs": 10}, "basic_rpc": {"compilation_mean": 0.7899606823921204, "execution_mean": 0.1242232471704483, "compilation_std": 0.03343012556433678, "execution_std": 0.0005543463630601764, "num_runs": 10}, "basic_stein": {"compilation_mean": 5.844630241394043, "execution_mean": 0.5614858269691467, "compilation_std": 0.3112780749797821, "execution_std": 0.010041630826890469, "num_runs": 10}}}