{"normalisation": {"compilation": 0.361245721578598, "execution": 0.7863540053367615}, "results": {"basic_herding": {"compilation_mean": 0.5385879278182983, "execution_mean": 0.19443252682685852, "compilation_std": 0.07169157266616821, "execution_std": 0.007044899743050337, "num_runs": 10}, "basic_rpc": {"compilation_mean": 0.6162020564079285, "execution_mean": 0.1561172753572464, "compilation_std": 0.028111927211284637, "execution_std": 0.0005241773324087262, "num_runs": 10}, "basic_stein": {"compilation_mean": 4.656175136566162, "execution_mean": 0.5286614894866943, "compilation_std": 0.33489689230918884, "execution_std": 0.013136130757629871, "num_runs": 10}}}