{"normalisation": {"compilation": 0.35333552956581116, "execution": 0.8134781122207642}, "results": {"basic_herding": {"compilation_mean": 0.7143241763114929, "execution_mean": 0.2087937444448471, "compilation_std": 0.10253643244504929, "execution_std": 0.01563149318099022, "num_runs": 10}, "basic_rpc": {"compilation_mean": 0.8047732710838318, "execution_mean": 0.12648846209049225, "compilation_std": 0.03295557573437691, "execution_std": 0.0019815335981547832, "num_runs": 10}, "basic_stein": {"compilation_mean": 5.925636291503906, "execution_mean": 0.545405387878418, "compilation_std": 0.3603549897670746, "execution_std": 0.009816698729991913, "num_runs": 10}}}