{"normalisation": {"compilation": 0.3634926974773407, "execution": 0.8142645955085754}, "results": {"basic_herding": {"compilation_mean": 0.6895524263381958, "execution_mean": 0.19252119958400726, "compilation_std": 0.06901898980140686, "execution_std": 0.007102654315531254, "num_runs": 10}, "basic_rpc": {"compilation_mean": 0.7939373254776001, "execution_mean": 0.12655328214168549, "compilation_std": 0.1031746044754982, "execution_std": 0.0009522484615445137, "num_runs": 10}, "basic_stein": {"compilation_mean": 5.688633918762207, "execution_mean": 0.5392309427261353, "compilation_std": 0.4152725040912628, "execution_std": 0.012367158196866512, "num_runs": 10}}}