{"normalisation": {"compilation": 0.3547308146953583, "execution": 0.7858226299285889}, "results": {"basic_herding": {"compilation_mean": 0.709384024143219, "execution_mean": 0.20334039628505707, "compilation_std": 0.11840736865997314, "execution_std": 0.010055911727249622, "num_runs": 10}, "basic_rpc": {"compilation_mean": 0.7705042958259583, "execution_mean": 0.1292608678340912, "compilation_std": 0.039784159511327744, "execution_std": 0.003567602252587676, "num_runs": 10}, "basic_stein": {"compilation_mean": 5.594974040985107, "execution_mean": 0.5584644675254822, "compilation_std": 0.38897719979286194, "execution_std": 0.019428247585892677, "num_runs": 10}}}