{"normalisation": {"compilation": 0.5182390213012695, "execution": 0.6813120245933533}, "results": {"basic_herding": {"compilation_mean": 0.3938550651073456, "execution_mean": 2.5672714710235596, "compilation_std": 0.036506038159132004, "execution_std": 0.043017081916332245, "num_runs": 10}, "basic_rpc": {"compilation_mean": 0.5978589653968811, "execution_mean": 0.1959850937128067, "compilation_std": 0.0402887687087059, "execution_std": 0.0009754516649991274, "num_runs": 10}, "basic_stein": {"compilation_mean": 3.2259786128997803, "execution_mean": 2.9272801876068115, "compilation_std": 0.21404056251049042, "execution_std": 0.031933486461639404, "num_runs": 10}}}