{"normalisation": {"compilation": 0.3452381193637848, "execution": 0.7920851707458496}, "results": {"basic_herding": {"compilation_mean": 0.7036271691322327, "execution_mean": 0.20492756366729736, "compilation_std": 0.07882730662822723, "execution_std": 0.009242404252290726, "num_runs": 10}, "basic_rpc": {"compilation_mean": 0.7765921950340271, "execution_mean": 0.12678419053554535, "compilation_std": 0.027714284136891365, "execution_std": 0.0005752865690737963, "num_runs": 10}, "basic_stein": {"compilation_mean": 5.818869590759277, "execution_mean": 0.564899742603302, "compilation_std": 0.3246912360191345, "execution_std": 0.018932312726974487, "num_runs": 10}}}