{"normalisation": {"compilation": 1.0663872957229614, "execution": 0.4750993847846985}, "results": {"basic_herding": {"compilation_mean": 0.29852887988090515, "execution_mean": 0.16749338805675507, "compilation_std": 0.011937965638935566, "execution_std": 0.004276370629668236, "num_runs": 10}, "basic_rpc": {"compilation_mean": 0.34348416328430176, "execution_mean": 0.04720407724380493, "compilation_std": 0.02423582412302494, "execution_std": 0.0010134272743016481, "num_runs": 10}, "basic_stein": {"compilation_mean": 1.3489506244659424, "execution_mean": 0.7774031162261963, "compilation_std": 0.05508439615368843, "execution_std": 0.042935147881507874, "num_runs": 10}}}