{"normalisation": {"compilation": 0.32845979928970337, "execution": 0.7958663105964661}, "results": {"basic_herding": {"compilation_mean": 0.949506938457489, "execution_mean": 0.1924571543931961, "compilation_std": 0.021906735375523567, "execution_std": 0.01877381093800068, "num_runs": 10}, "basic_rpc": {"compilation_mean": 1.1599162817001343, "execution_mean": 0.022624144330620766, "compilation_std": 0.03484812378883362, "execution_std": 0.0005806885310448706, "num_runs": 10}, "basic_stein": {"compilation_mean": 5.412316799163818, "execution_mean": 0.43354448676109314, "compilation_std": 0.41583991050720215, "execution_std": 0.01990404538810253, "num_runs": 10}}}