{"normalisation": {"compilation": 0.3782338798046112, "execution": 0.7967275977134705}, "results": {"basic_herding": {"compilation_mean": 0.6992563605308533, "execution_mean": 0.20795395970344543, "compilation_std": 0.13557939231395721, "execution_std": 0.009373660199344158, "num_runs": 10}, "basic_rpc": {"compilation_mean": 0.7967444658279419, "execution_mean": 0.12905246019363403, "compilation_std": 0.09030967205762863, "execution_std": 0.0029874704778194427, "num_runs": 10}, "basic_stein": {"compilation_mean": 5.811519145965576, "execution_mean": 0.5506198406219482, "compilation_std": 0.4029323160648346, "execution_std": 0.010580625385046005, "num_runs": 10}}}