{"normalisation": {"compilation": 0.33490321040153503, "execution": 0.7941033244132996}, "results": {"basic_herding": {"compilation_mean": 0.9302144050598145, "execution_mean": 0.18431411683559418, "compilation_std": 0.06026557460427284, "execution_std": 0.00960314180701971, "num_runs": 10}, "basic_rpc": {"compilation_mean": 1.12454092502594, "execution_mean": 0.02220282144844532, "compilation_std": 0.028822530061006546, "execution_std": 0.0003358327958267182, "num_runs": 10}, "basic_stein": {"compilation_mean": 5.338222980499268, "execution_mean": 0.432312935590744, "compilation_std": 0.3942110240459442, "execution_std": 0.010555722750723362, "num_runs": 10}}}