{"normalisation": {"compilation": 0.5192980170249939, "execution": 0.6822233200073242}, "results": {"basic_herding": {"compilation_mean": 0.4429687559604645, "execution_mean": 2.556178569793701, "compilation_std": 0.06036696583032608, "execution_std": 0.024681108072400093, "num_runs": 10}, "basic_rpc": {"compilation_mean": 0.581865131855011, "execution_mean": 0.19308233261108398, "compilation_std": 0.01636531949043274, "execution_std": 0.0007516592741012573, "num_runs": 10}, "basic_stein": {"compilation_mean": 3.1526665687561035, "execution_mean": 2.905590295791626, "compilation_std": 0.219589963555336, "execution_std": 0.019917143508791924, "num_runs": 10}}}