{"normalisation": {"compilation": 0.35117098689079285, "execution": 0.8040103912353516}, "results": {"basic_herding": {"compilation_mean": 0.7281686663627625, "execution_mean": 0.19834338128566742, "compilation_std": 0.10108443349599838, "execution_std": 0.01196971908211708, "num_runs": 10}, "basic_rpc": {"compilation_mean": 0.8107271194458008, "execution_mean": 0.12756405770778656, "compilation_std": 0.030249593779444695, "execution_std": 0.0015834298683330417, "num_runs": 10}, "basic_stein": {"compilation_mean": 5.704944133758545, "execution_mean": 0.5581135153770447, "compilation_std": 0.48772382736206055, "execution_std": 0.01300409808754921, "num_runs": 10}}}