{"normalisation": {"compilation": 0.32789790630340576, "execution": 0.7918602824211121}, "results": {"basic_herding": {"compilation_mean": 0.9770936369895935, "execution_mean": 0.18437612056732178, "compilation_std": 0.04632271081209183, "execution_std": 0.008517815731465816, "num_runs": 10}, "basic_rpc": {"compilation_mean": 1.169764757156372, "execution_mean": 0.023126980289816856, "compilation_std": 0.03484908863902092, "execution_std": 0.0005886252620257437, "num_runs": 10}, "basic_stein": {"compilation_mean": 5.531907081604004, "execution_mean": 0.4301725924015045, "compilation_std": 0.4317872226238251, "execution_std": 0.010442417114973068, "num_runs": 10}}}