{"normalisation": {"compilation": 0.3640880584716797, "execution": 0.8066931962966919}, "results": {"basic_herding": {"compilation_mean": 0.6695497632026672, "execution_mean": 0.1975378394126892, "compilation_std": 0.052503667771816254, "execution_std": 0.008974922820925713, "num_runs": 10}, "basic_rpc": {"compilation_mean": 0.808067798614502, "execution_mean": 0.12653882801532745, "compilation_std": 0.1384325623512268, "execution_std": 0.0008605118491686881, "num_runs": 10}, "basic_stein": {"compilation_mean": 5.671276092529297, "execution_mean": 0.5288600921630859, "compilation_std": 0.48251867294311523, "execution_std": 0.010554100386798382, "num_runs": 10}}}