{"normalisation": {"compilation": 0.37022432684898376, "execution": 0.795037567615509}, "results": {"basic_herding": {"compilation_mean": 0.691260039806366, "execution_mean": 0.20434896647930145, "compilation_std": 0.07636691629886627, "execution_std": 0.013529461808502674, "num_runs": 10}, "basic_rpc": {"compilation_mean": 0.7234894037246704, "execution_mean": 0.12658554315567017, "compilation_std": 0.03077383153140545, "execution_std": 0.0004320392617955804, "num_runs": 10}, "basic_stein": {"compilation_mean": 5.61712646484375, "execution_mean": 0.5588759779930115, "compilation_std": 0.38100895285606384, "execution_std": 0.017690390348434448, "num_runs": 10}}}