{"normalisation": {"compilation": 1.4775147438049316, "execution": 0.6997367739677429}, "results": {"basic_herding": {"compilation_mean": 0.24962440133094788, "execution_mean": 0.10320907831192017, "compilation_std": 0.012993070296943188, "execution_std": 0.005214934702962637, "num_runs": 10}, "basic_rpc": {"compilation_mean": 0.2992297112941742, "execution_mean": 0.023966632783412933, "compilation_std": 0.006177288480103016, "execution_std": 0.00020462213433347642, "num_runs": 10}, "basic_stein": {"compilation_mean": 1.1671571731567383, "execution_mean": 0.365336149930954, "compilation_std": 0.0516597181558609, "execution_std": 0.01572907529771328, "num_runs": 10}}}