{"normalisation": {"compilation": 0.6508299708366394, "execution": 0.6920974254608154}, "results": {"basic_herding": {"compilation_mean": 0.5702252984046936, "execution_mean": 0.05400881916284561, "compilation_std": 0.04715996980667114, "execution_std": 0.0009003523737192154, "num_runs": 10}, "basic_rpc": {"compilation_mean": 0.6800529360771179, "execution_mean": 0.02244986593723297, "compilation_std": 0.015561708249151707, "execution_std": 0.00022645136050414294, "num_runs": 10}, "basic_stein": {"compilation_mean": 2.220055341720581, "execution_mean": 0.42541980743408203, "compilation_std": 0.08909451216459274, "execution_std": 0.008363033644855022, "num_runs": 10}}}