{"normalisation": {"compilation": 0.3451211750507355, "execution": 0.8091176152229309}, "results": {"basic_herding": {"compilation_mean": 0.6751769781112671, "execution_mean": 0.20291247963905334, "compilation_std": 0.07853838056325912, "execution_std": 0.009787244722247124, "num_runs": 10}, "basic_rpc": {"compilation_mean": 0.8226066827774048, "execution_mean": 0.1271001547574997, "compilation_std": 0.09667563438415527, "execution_std": 0.002171469619497657, "num_runs": 10}, "basic_stein": {"compilation_mean": 5.902758598327637, "execution_mean": 0.5321465730667114, "compilation_std": 0.3950735032558441, "execution_std": 0.014000965282320976, "num_runs": 10}}}