{"normalisation": {"compilation": 0.29659953713417053, "execution": 0.8037375807762146}, "results": {"basic_herding": {"compilation_mean": 0.935133159160614, "execution_mean": 0.18327301740646362, "compilation_std": 0.05970955267548561, "execution_std": 0.010461064986884594, "num_runs": 10}, "basic_rpc": {"compilation_mean": 1.0819706916809082, "execution_mean": 0.023081881925463676, "compilation_std": 0.045600857585668564, "execution_std": 0.00035033063613809645, "num_runs": 10}, "basic_stein": {"compilation_mean": 5.513795375823975, "execution_mean": 0.421724408864975, "compilation_std": 0.2851613461971283, "execution_std": 0.011713256128132343, "num_runs": 10}}}