{"normalisation": {"compilation": 0.357280969619751, "execution": 0.7955833077430725}, "results": {"basic_herding": {"compilation_mean": 0.7360883951187134, "execution_mean": 0.20806515216827393, "compilation_std": 0.11461054533720016, "execution_std": 0.020267022773623466, "num_runs": 10}, "basic_rpc": {"compilation_mean": 0.795295774936676, "execution_mean": 0.12798112630844116, "compilation_std": 0.036360420286655426, "execution_std": 0.0004495522007346153, "num_runs": 10}, "basic_stein": {"compilation_mean": 5.7761688232421875, "execution_mean": 0.5671815276145935, "compilation_std": 0.29444870352745056, "execution_std": 0.016072845086455345, "num_runs": 10}}}