{"normalisation": {"compilation": 0.5784961581230164, "execution": 0.7651650309562683}, "results": {"basic_herding": {"compilation_mean": 0.5958294868469238, "execution_mean": 0.045231301337480545, "compilation_std": 0.01955564133822918, "execution_std": 0.0014372819568961859, "num_runs": 10}, "basic_rpc": {"compilation_mean": 0.7365819811820984, "execution_mean": 0.021857505664229393, "compilation_std": 0.020362332463264465, "execution_std": 0.0001064081588992849, "num_runs": 10}, "basic_stein": {"compilation_mean": 2.361827850341797, "execution_mean": 0.3752606511116028, "compilation_std": 0.0945475772023201, "execution_std": 0.014852944761514664, "num_runs": 10}}}