{"normalisation": {"compilation": 0.519420325756073, "execution": 0.6787630319595337}, "results": {"basic_herding": {"compilation_mean": 0.36844152212142944, "execution_mean": 2.5898308753967285, "compilation_std": 0.04852711036801338, "execution_std": 0.029145346954464912, "num_runs": 10}, "basic_rpc": {"compilation_mean": 0.5829840898513794, "execution_mean": 0.1956978440284729, "compilation_std": 0.048835013061761856, "execution_std": 0.0012388828909024596, "num_runs": 10}, "basic_stein": {"compilation_mean": 3.128619909286499, "execution_mean": 2.9272449016571045, "compilation_std": 0.2846156656742096, "execution_std": 0.03350896015763283, "num_runs": 10}}}