{"normalisation": {"compilation": 0.5836922526359558, "execution": 0.7663602232933044}, "results": {"basic_herding": {"compilation_mean": 0.6234549283981323, "execution_mean": 0.04757140949368477, "compilation_std": 0.0652691200375557, "execution_std": 0.002780119189992547, "num_runs": 10}, "basic_rpc": {"compilation_mean": 0.7240337133407593, "execution_mean": 0.02196137234568596, "compilation_std": 0.015676798298954964, "execution_std": 0.0003279877419117838, "num_runs": 10}, "basic_stein": {"compilation_mean": 2.3677589893341064, "execution_mean": 0.375428706407547, "compilation_std": 0.08767800033092499, "execution_std": 0.007238104939460754, "num_runs": 10}}}