{"normalisation": {"compilation": 1.4523800611495972, "execution": 0.6975334882736206}, "results": {"basic_herding": {"compilation_mean": 0.24183852970600128, "execution_mean": 0.10295158624649048, "compilation_std": 0.009007587097585201, "execution_std": 0.002481207950040698, "num_runs": 10}, "basic_rpc": {"compilation_mean": 0.29043933749198914, "execution_mean": 0.023356275632977486, "compilation_std": 0.017458384856581688, "execution_std": 0.0002036730875261128, "num_runs": 10}, "basic_stein": {"compilation_mean": 1.097960114479065, "execution_mean": 0.3574199378490448, "compilation_std": 0.06244997680187225, "execution_std": 0.018756814301013947, "num_runs": 10}}}