{"normalisation": {"compilation": 0.35678979754447937, "execution": 0.797899067401886}, "results": {"basic_herding": {"compilation_mean": 0.6620222330093384, "execution_mean": 0.20687977969646454, "compilation_std": 0.07754100114107132, "execution_std": 0.025524554774165154, "num_runs": 10}, "basic_rpc": {"compilation_mean": 0.7916990518569946, "execution_mean": 0.1254243105649948, "compilation_std": 0.09571877121925354, "execution_std": 0.00045958886039443314, "num_runs": 10}, "basic_stein": {"compilation_mean": 5.765006065368652, "execution_mean": 0.559228241443634, "compilation_std": 0.3702487647533417, "execution_std": 0.016910860314965248, "num_runs": 10}}}