{"normalisation": {"compilation": 0.32755133509635925, "execution": 0.8100652098655701}, "results": {"basic_herding": {"compilation_mean": 0.9593567848205566, "execution_mean": 0.17923255264759064, "compilation_std": 0.06164532154798508, "execution_std": 0.007286726031452417, "num_runs": 10}, "basic_rpc": {"compilation_mean": 1.14691162109375, "execution_mean": 0.022291025146842003, "compilation_std": 0.02842632681131363, "execution_std": 0.000299073668429628, "num_runs": 10}, "basic_stein": {"compilation_mean": 5.426438808441162, "execution_mean": 0.4269307553768158, "compilation_std": 0.38671159744262695, "execution_std": 0.015132894739508629, "num_runs": 10}}}