{"normalisation": {"compilation": 0.3162340819835663, "execution": 0.8111591339111328}, "results": {"basic_herding": {"compilation_mean": 1.161018967628479, "execution_mean": 0.09142299741506577, "compilation_std": 0.05420472472906113, "execution_std": 0.004409798886626959, "num_runs": 10}, "basic_rpc": {"compilation_mean": 1.3790783882141113, "execution_mean": 0.019980495795607567, "compilation_std": 0.10568705201148987, "execution_std": 0.00015712683671154082, "num_runs": 10}, "basic_stein": {"compilation_mean": 5.19683837890625, "execution_mean": 0.31241312623023987, "compilation_std": 0.20238912105560303, "execution_std": 0.01601112261414528, "num_runs": 10}}}