{"normalisation": {"compilation": 0.3504824638366699, "execution": 0.809238076210022}, "results": {"basic_herding": {"compilation_mean": 0.7206925749778748, "execution_mean": 0.19684548676013947, "compilation_std": 0.08730090409517288, "execution_std": 0.00834408588707447, "num_runs": 10}, "basic_rpc": {"compilation_mean": 0.7869833111763, "execution_mean": 0.12621377408504486, "compilation_std": 0.035050299018621445, "execution_std": 0.0027717978227883577, "num_runs": 10}, "basic_stein": {"compilation_mean": 5.92963171005249, "execution_mean": 0.551038920879364, "compilation_std": 0.35322585701942444, "execution_std": 0.0168407391756773, "num_runs": 10}}}