{"normalisation": {"compilation": 0.35094067454338074, "execution": 0.8016991019248962}, "results": {"basic_herding": {"compilation_mean": 0.7439255118370056, "execution_mean": 0.1957537978887558, "compilation_std": 0.091805599629879, "execution_std": 0.008223587647080421, "num_runs": 10}, "basic_rpc": {"compilation_mean": 0.7699635624885559, "execution_mean": 0.1266493797302246, "compilation_std": 0.03187204524874687, "execution_std": 0.0015485415933653712, "num_runs": 10}, "basic_stein": {"compilation_mean": 5.867048740386963, "execution_mean": 0.537213921546936, "compilation_std": 0.3537602424621582, "execution_std": 0.012222045101225376, "num_runs": 10}}}