{"normalisation": {"compilation": 0.3131023049354553, "execution": 0.8114078640937805}, "results": {"basic_herding": {"compilation_mean": 1.1036685705184937, "execution_mean": 0.09158415347337723, "compilation_std": 0.057849522680044174, "execution_std": 0.002972824964672327, "num_runs": 10}, "basic_rpc": {"compilation_mean": 1.3426069021224976, "execution_mean": 0.019502852112054825, "compilation_std": 0.11121435463428497, "execution_std": 0.000294258730718866, "num_runs": 10}, "basic_stein": {"compilation_mean": 4.978399276733398, "execution_mean": 0.3055945336818695, "compilation_std": 0.22511692345142365, "execution_std": 0.010204022750258446, "num_runs": 10}}}