{"normalisation": {"compilation": 0.5889855623245239, "execution": 0.7731051445007324}, "results": {"basic_herding": {"compilation_mean": 0.6081079244613647, "execution_mean": 0.0455995537340641, "compilation_std": 0.024100372567772865, "execution_std": 0.0014500974211841822, "num_runs": 10}, "basic_rpc": {"compilation_mean": 0.7581215500831604, "execution_mean": 0.0217038132250309, "compilation_std": 0.015597611665725708, "execution_std": 0.00013371114619076252, "num_runs": 10}, "basic_stein": {"compilation_mean": 2.4148478507995605, "execution_mean": 0.3647228181362152, "compilation_std": 0.08708010613918304, "execution_std": 0.005948586389422417, "num_runs": 10}}}