{"normalisation": {"compilation": 0.35076841711997986, "execution": 0.8040968775749207}, "results": {"basic_herding": {"compilation_mean": 0.7535937428474426, "execution_mean": 0.20323939621448517, "compilation_std": 0.08490176498889923, "execution_std": 0.012773887254297733, "num_runs": 10}, "basic_rpc": {"compilation_mean": 0.788097620010376, "execution_mean": 0.12611107528209686, "compilation_std": 0.03405150771141052, "execution_std": 0.0019709791522473097, "num_runs": 10}, "basic_stein": {"compilation_mean": 6.003516674041748, "execution_mean": 0.5552434921264648, "compilation_std": 0.3044183552265167, "execution_std": 0.017476219683885574, "num_runs": 10}}}