{"normalisation": {"compilation": 0.5211345553398132, "execution": 0.6816043257713318}, "results": {"basic_herding": {"compilation_mean": 0.4428907036781311, "execution_mean": 2.663803815841675, "compilation_std": 0.0637814998626709, "execution_std": 0.010601353831589222, "num_runs": 10}, "basic_rpc": {"compilation_mean": 0.5916868448257446, "execution_mean": 0.19678331911563873, "compilation_std": 0.03713608160614967, "execution_std": 0.0013170074671506882, "num_runs": 10}, "basic_stein": {"compilation_mean": 3.1853156089782715, "execution_mean": 3.0134377479553223, "compilation_std": 0.18121950328350067, "execution_std": 0.01597438007593155, "num_runs": 10}}}