{"normalisation": {"compilation": 0.3010224401950836, "execution": 0.8069217801094055}, "results": {"basic_herding": {"compilation_mean": 1.1322016716003418, "execution_mean": 0.09005646407604218, "compilation_std": 0.03739431872963905, "execution_std": 0.0028089669067412615, "num_runs": 10}, "basic_rpc": {"compilation_mean": 1.3393161296844482, "execution_mean": 0.019788846373558044, "compilation_std": 0.02644287794828415, "execution_std": 0.00015331599570345134, "num_runs": 10}, "basic_stein": {"compilation_mean": 5.193057537078857, "execution_mean": 0.29776865243911743, "compilation_std": 0.31099823117256165, "execution_std": 0.004089267924427986, "num_runs": 10}}}