{"normalisation": {"compilation": 0.35403311252593994, "execution": 0.8019470572471619}, "results": {"basic_herding": {"compilation_mean": 0.5607386231422424, "execution_mean": 0.19098319113254547, "compilation_std": 0.07660283893346786, "execution_std": 0.006576781626790762, "num_runs": 10}, "basic_rpc": {"compilation_mean": 0.6475731730461121, "execution_mean": 0.1051420196890831, "compilation_std": 0.030885474756360054, "execution_std": 0.0006239817012101412, "num_runs": 10}, "basic_stein": {"compilation_mean": 4.8502197265625, "execution_mean": 0.5358489155769348, "compilation_std": 0.33733198046684265, "execution_std": 0.015272008255124092, "num_runs": 10}}}