{"normalisation": {"compilation": 0.30912119150161743, "execution": 0.8199448585510254}, "results": {"basic_herding": {"compilation_mean": 1.1090775728225708, "execution_mean": 0.09216191619634628, "compilation_std": 0.06131159886717796, "execution_std": 0.01027144305408001, "num_runs": 10}, "basic_rpc": {"compilation_mean": 1.3030235767364502, "execution_mean": 0.019254593178629875, "compilation_std": 0.03419353812932968, "execution_std": 0.0002100663841702044, "num_runs": 10}, "basic_stein": {"compilation_mean": 4.991681098937988, "execution_mean": 0.30368563532829285, "compilation_std": 0.2568291425704956, "execution_std": 0.014535999856889248, "num_runs": 10}}}