{"normalisation": {"compilation": 1.0514601469039917, "execution": 0.4846956729888916}, "results": {"basic_herding": {"compilation_mean": 0.31519803404808044, "execution_mean": 0.1728164702653885, "compilation_std": 0.012711095623672009, "execution_std": 0.005653771106153727, "num_runs": 10}, "basic_rpc": {"compilation_mean": 0.36307501792907715, "execution_mean": 0.04644496366381645, "compilation_std": 0.03628696873784065, "execution_std": 0.001149731338955462, "num_runs": 10}, "basic_stein": {"compilation_mean": 1.4106847047805786, "execution_mean": 0.8721782565116882, "compilation_std": 0.06961200386285782, "execution_std": 0.04735814407467842, "num_runs": 10}}}