{"normalisation": {"compilation": 0.37182196974754333, "execution": 0.8013103604316711}, "results": {"basic_herding": {"compilation_mean": 0.5271279215812683, "execution_mean": 0.1986536830663681, "compilation_std": 0.051718391478061676, "execution_std": 0.00821527000516653, "num_runs": 10}, "basic_rpc": {"compilation_mean": 0.6253055930137634, "execution_mean": 0.14202897250652313, "compilation_std": 0.03252275288105011, "execution_std": 0.001823068829253316, "num_runs": 10}, "basic_stein": {"compilation_mean": 4.503477573394775, "execution_mean": 0.5204489231109619, "compilation_std": 0.29284512996673584, "execution_std": 0.011887322179973125, "num_runs": 10}}}