{"normalisation": {"compilation": 0.3042190968990326, "execution": 0.8020845651626587}, "results": {"basic_herding": {"compilation_mean": 0.922109067440033, "execution_mean": 0.1725560873746872, "compilation_std": 0.058197133243083954, "execution_std": 0.008164912462234497, "num_runs": 10}, "basic_rpc": {"compilation_mean": 1.0800496339797974, "execution_mean": 0.022583993151783943, "compilation_std": 0.05293474718928337, "execution_std": 0.0005381321534514427, "num_runs": 10}, "basic_stein": {"compilation_mean": 5.232822895050049, "execution_mean": 0.4087185561656952, "compilation_std": 0.3016297519207001, "execution_std": 0.010330617427825928, "num_runs": 10}}}