{"normalisation": {"compilation": 0.34573614597320557, "execution": 0.7956444621086121}, "results": {"basic_herding": {"compilation_mean": 0.7259870171546936, "execution_mean": 0.20448218286037445, "compilation_std": 0.11052415519952774, "execution_std": 0.013597681187093258, "num_runs": 10}, "basic_rpc": {"compilation_mean": 0.8026003241539001, "execution_mean": 0.12720535695552826, "compilation_std": 0.03757685422897339, "execution_std": 0.0006004085880704224, "num_runs": 10}, "basic_stein": {"compilation_mean": 5.748403549194336, "execution_mean": 0.5586140751838684, "compilation_std": 0.35386139154434204, "execution_std": 0.013295654207468033, "num_runs": 10}}}