{"normalisation": {"compilation": 0.3475585877895355, "execution": 0.7943965792655945}, "results": {"basic_herding": {"compilation_mean": 0.7235534191131592, "execution_mean": 0.20153813064098358, "compilation_std": 0.07805632054805756, "execution_std": 0.006769236642867327, "num_runs": 10}, "basic_rpc": {"compilation_mean": 0.794548511505127, "execution_mean": 0.12842558324337006, "compilation_std": 0.036409683525562286, "execution_std": 0.005531230941414833, "num_runs": 10}, "basic_stein": {"compilation_mean": 5.933623790740967, "execution_mean": 0.5582506060600281, "compilation_std": 0.33188551664352417, "execution_std": 0.01567585952579975, "num_runs": 10}}}