{"normalisation": {"compilation": 0.37878403067588806, "execution": 0.8023872375488281}, "results": {"basic_herding": {"compilation_mean": 0.5335845351219177, "execution_mean": 0.18917544186115265, "compilation_std": 0.09411028027534485, "execution_std": 0.004198331851512194, "num_runs": 10}, "basic_rpc": {"compilation_mean": 0.6304576992988586, "execution_mean": 0.15764948725700378, "compilation_std": 0.07904160767793655, "execution_std": 0.0015118346782401204, "num_runs": 10}, "basic_stein": {"compilation_mean": 4.4919633865356445, "execution_mean": 0.5251190066337585, "compilation_std": 0.35156676173210144, "execution_std": 0.011545557528734207, "num_runs": 10}}}