{"normalisation": {"compilation": 0.3702350854873657, "execution": 0.7835688591003418}, "results": {"basic_herding": {"compilation_mean": 0.5463581681251526, "execution_mean": 0.19654153287410736, "compilation_std": 0.08284202963113785, "execution_std": 0.00895784329622984, "num_runs": 10}, "basic_rpc": {"compilation_mean": 0.7222554087638855, "execution_mean": 0.12884147465229034, "compilation_std": 0.03279351070523262, "execution_std": 0.0006296774372458458, "num_runs": 10}, "basic_stein": {"compilation_mean": 4.597960948944092, "execution_mean": 0.554328441619873, "compilation_std": 0.3436686396598816, "execution_std": 0.011805134825408459, "num_runs": 10}}}