{"normalisation": {"compilation": 0.31818750500679016, "execution": 0.8224191069602966}, "results": {"basic_herding": {"compilation_mean": 1.1134506464004517, "execution_mean": 0.09206133335828781, "compilation_std": 0.07084106653928757, "execution_std": 0.010246815159916878, "num_runs": 10}, "basic_rpc": {"compilation_mean": 1.3190683126449585, "execution_mean": 0.019670473411679268, "compilation_std": 0.03245261684060097, "execution_std": 0.0010941959917545319, "num_runs": 10}, "basic_stein": {"compilation_mean": 5.025620937347412, "execution_mean": 0.29662278294563293, "compilation_std": 0.2628243863582611, "execution_std": 0.01009585615247488, "num_runs": 10}}}