{"normalisation": {"compilation": 0.3700281083583832, "execution": 0.7966744899749756}, "results": {"basic_herding": {"compilation_mean": 0.501176655292511, "execution_mean": 0.2032005786895752, "compilation_std": 0.05676223337650299, "execution_std": 0.007028384134173393, "num_runs": 10}, "basic_rpc": {"compilation_mean": 0.641313910484314, "execution_mean": 0.15952518582344055, "compilation_std": 0.064994677901268, "execution_std": 0.0006028246134519577, "num_runs": 10}, "basic_stein": {"compilation_mean": 4.5542144775390625, "execution_mean": 0.5352045297622681, "compilation_std": 0.24349865317344666, "execution_std": 0.010181961581110954, "num_runs": 10}}}