{"normalisation": {"compilation": 0.3333595395088196, "execution": 0.7966858148574829}, "results": {"basic_herding": {"compilation_mean": 0.9366510510444641, "execution_mean": 0.1840270310640335, "compilation_std": 0.06933079659938812, "execution_std": 0.009949046187102795, "num_runs": 10}, "basic_rpc": {"compilation_mean": 1.1099449396133423, "execution_mean": 0.021820172667503357, "compilation_std": 0.026343554258346558, "execution_std": 0.00015289775910787284, "num_runs": 10}, "basic_stein": {"compilation_mean": 5.25273323059082, "execution_mean": 0.4229510426521301, "compilation_std": 0.3254972994327545, "execution_std": 0.008831927552819252, "num_runs": 10}}}