{"normalisation": {"compilation": 0.4258244037628174, "execution": 0.8859277963638306}, "results": {"basic_herding": {"compilation_mean": 0.7393513321876526, "execution_mean": 0.20743051171302795, "compilation_std": 0.09412240982055664, "execution_std": 0.012197235599160194, "num_runs": 10}, "basic_rpc": {"compilation_mean": 0.8181117177009583, "execution_mean": 0.1573815792798996, "compilation_std": 0.08453816920518875, "execution_std": 0.017349915578961372, "num_runs": 10}, "basic_stein": {"compilation_mean": 4.694754123687744, "execution_mean": 0.623151957988739, "compilation_std": 0.23368340730667114, "execution_std": 0.06387629359960556, "num_runs": 10}}}