{"normalisation": {"compilation": 0.3961982727050781, "execution": 0.8073207139968872}, "results": {"basic_herding": {"compilation_mean": 0.5404725074768066, "execution_mean": 0.1892402321100235, "compilation_std": 0.062448710203170776, "execution_std": 0.004512082319706678, "num_runs": 10}, "basic_rpc": {"compilation_mean": 0.6038159728050232, "execution_mean": 0.1585107147693634, "compilation_std": 0.028929943218827248, "execution_std": 0.0006088915397413075, "num_runs": 10}, "basic_stein": {"compilation_mean": 4.45489501953125, "execution_mean": 0.526777446269989, "compilation_std": 0.32285571098327637, "execution_std": 0.014401289634406567, "num_runs": 10}}}