{"normalisation": {"compilation": 0.28923648595809937, "execution": 0.8202032446861267}, "results": {"basic_herding": {"compilation_mean": 0.9502521753311157, "execution_mean": 0.1723250448703766, "compilation_std": 0.07770952582359314, "execution_std": 0.008935653604567051, "num_runs": 10}, "basic_rpc": {"compilation_mean": 1.0916929244995117, "execution_mean": 0.022641848772764206, "compilation_std": 0.02562347985804081, "execution_std": 0.000449035142082721, "num_runs": 10}, "basic_stein": {"compilation_mean": 5.46788215637207, "execution_mean": 0.4203101694583893, "compilation_std": 0.3447294533252716, "execution_std": 0.015924595296382904, "num_runs": 10}}}