{"normalisation": {"compilation": 0.35169896483421326, "execution": 0.7919139266014099}, "results": {"basic_herding": {"compilation_mean": 0.6714845895767212, "execution_mean": 0.21107499301433563, "compilation_std": 0.044300053268671036, "execution_std": 0.010154137387871742, "num_runs": 10}, "basic_rpc": {"compilation_mean": 0.8104130625724792, "execution_mean": 0.1315731555223465, "compilation_std": 0.11940675973892212, "execution_std": 0.000486778182676062, "num_runs": 10}, "basic_stein": {"compilation_mean": 5.931734085083008, "execution_mean": 0.5652713775634766, "compilation_std": 0.4247278571128845, "execution_std": 0.014940056018531322, "num_runs": 10}}}