{"normalisation": {"compilation": 0.3641200065612793, "execution": 0.8000664114952087}, "results": {"basic_herding": {"compilation_mean": 0.5260732173919678, "execution_mean": 0.20058169960975647, "compilation_std": 0.09171479195356369, "execution_std": 0.011160269379615784, "num_runs": 10}, "basic_rpc": {"compilation_mean": 0.7793111205101013, "execution_mean": 0.12913630902767181, "compilation_std": 0.046683404594659805, "execution_std": 0.0024948767386376858, "num_runs": 10}, "basic_stein": {"compilation_mean": 4.649745464324951, "execution_mean": 0.533009946346283, "compilation_std": 0.4043104648590088, "execution_std": 0.009279082529246807, "num_runs": 10}}}