{"normalisation": {"compilation": 0.3085728883743286, "execution": 0.8219245076179504}, "results": {"basic_herding": {"compilation_mean": 1.1317929029464722, "execution_mean": 0.08956577628850937, "compilation_std": 0.03923651948571205, "execution_std": 0.002154267393052578, "num_runs": 10}, "basic_rpc": {"compilation_mean": 1.346429467201233, "execution_mean": 0.020007282495498657, "compilation_std": 0.08686210215091705, "execution_std": 0.0003444362373556942, "num_runs": 10}, "basic_stein": {"compilation_mean": 5.067328929901123, "execution_mean": 0.3137720823287964, "compilation_std": 0.20749834179878235, "execution_std": 0.011379892937839031, "num_runs": 10}}}