{"normalisation": {"compilation": 0.2989571690559387, "execution": 0.8005606532096863}, "results": {"basic_herding": {"compilation_mean": 0.9325129389762878, "execution_mean": 0.18123263120651245, "compilation_std": 0.03336125239729881, "execution_std": 0.010056396946310997, "num_runs": 10}, "basic_rpc": {"compilation_mean": 1.0769656896591187, "execution_mean": 0.022765381261706352, "compilation_std": 0.022731419652700424, "execution_std": 0.0006710526649840176, "num_runs": 10}, "basic_stein": {"compilation_mean": 5.338276386260986, "execution_mean": 0.4250379204750061, "compilation_std": 0.3499763607978821, "execution_std": 0.007159112021327019, "num_runs": 10}}}