{"normalisation": {"compilation": 0.6672031283378601, "execution": 0.7031475901603699}, "results": {"basic_herding": {"compilation_mean": 0.5558666586875916, "execution_mean": 0.0578995905816555, "compilation_std": 0.04126918688416481, "execution_std": 0.0034267918672412634, "num_runs": 10}, "basic_rpc": {"compilation_mean": 0.6607672572135925, "execution_mean": 0.022301090881228447, "compilation_std": 0.013722042553126812, "execution_std": 0.00018100361921824515, "num_runs": 10}, "basic_stein": {"compilation_mean": 2.1998236179351807, "execution_mean": 0.41879716515541077, "compilation_std": 0.08642144501209259, "execution_std": 0.00856619793921709, "num_runs": 10}}}