{"normalisation": {"compilation": 0.3688221275806427, "execution": 0.8047060966491699}, "results": {"basic_herding": {"compilation_mean": 0.5350804924964905, "execution_mean": 0.193727046251297, "compilation_std": 0.08191728591918945, "execution_std": 0.008616609498858452, "num_runs": 10}, "basic_rpc": {"compilation_mean": 0.6385266184806824, "execution_mean": 0.10370999574661255, "compilation_std": 0.016986647620797157, "execution_std": 0.0006268141441978514, "num_runs": 10}, "basic_stein": {"compilation_mean": 4.632388591766357, "execution_mean": 0.5404319763183594, "compilation_std": 0.3952389657497406, "execution_std": 0.01302964985370636, "num_runs": 10}}}