{"normalisation": {"compilation": 0.32674235105514526, "execution": 0.8057958483695984}, "results": {"basic_herding": {"compilation_mean": 0.9905784726142883, "execution_mean": 0.18492963910102844, "compilation_std": 0.07643061131238937, "execution_std": 0.01369045302271843, "num_runs": 10}, "basic_rpc": {"compilation_mean": 1.1764148473739624, "execution_mean": 0.022656219080090523, "compilation_std": 0.03359605371952057, "execution_std": 0.0006234043394215405, "num_runs": 10}, "basic_stein": {"compilation_mean": 5.531622886657715, "execution_mean": 0.4286162555217743, "compilation_std": 0.405259370803833, "execution_std": 0.012120554223656654, "num_runs": 10}}}