{"normalisation": {"compilation": 0.3725299537181854, "execution": 0.7865060567855835}, "results": {"basic_herding": {"compilation_mean": 0.5130141973495483, "execution_mean": 0.1981617659330368, "compilation_std": 0.0658828541636467, "execution_std": 0.008281347341835499, "num_runs": 10}, "basic_rpc": {"compilation_mean": 0.7172603011131287, "execution_mean": 0.12889166176319122, "compilation_std": 0.02796664834022522, "execution_std": 0.0009464326431043446, "num_runs": 10}, "basic_stein": {"compilation_mean": 4.5438337326049805, "execution_mean": 0.5702822208404541, "compilation_std": 0.3433723747730255, "execution_std": 0.014086577109992504, "num_runs": 10}}}