{"normalisation": {"compilation": 0.5939828753471375, "execution": 0.7670232653617859}, "results": {"basic_herding": {"compilation_mean": 0.6003701686859131, "execution_mean": 0.04704790189862251, "compilation_std": 0.05810805782675743, "execution_std": 0.0014645042829215527, "num_runs": 10}, "basic_rpc": {"compilation_mean": 0.7244067788124084, "execution_mean": 0.022324999794363976, "compilation_std": 0.014353582635521889, "execution_std": 0.0025513223372399807, "num_runs": 10}, "basic_stein": {"compilation_mean": 2.3411715030670166, "execution_mean": 0.3773103952407837, "compilation_std": 0.10290566086769104, "execution_std": 0.008932666853070259, "num_runs": 10}}}