{"normalisation": {"compilation": 0.6352340579032898, "execution": 0.7000486254692078}, "results": {"basic_herding": {"compilation_mean": 0.5803341269493103, "execution_mean": 0.053785838186740875, "compilation_std": 0.0359882228076458, "execution_std": 0.0024723431561142206, "num_runs": 10}, "basic_rpc": {"compilation_mean": 0.6852571368217468, "execution_mean": 0.02217826060950756, "compilation_std": 0.017426827922463417, "execution_std": 0.00019047647947445512, "num_runs": 10}, "basic_stein": {"compilation_mean": 2.3055827617645264, "execution_mean": 0.4094586968421936, "compilation_std": 0.07777741551399231, "execution_std": 0.009869248606264591, "num_runs": 10}}}