{"normalisation": {"compilation": 0.31365320086479187, "execution": 0.8044261932373047}, "results": {"basic_herding": {"compilation_mean": 1.0799862146377563, "execution_mean": 0.08961624652147293, "compilation_std": 0.04286051169037819, "execution_std": 0.0028786188922822475, "num_runs": 10}, "basic_rpc": {"compilation_mean": 1.2817572355270386, "execution_mean": 0.02007555030286312, "compilation_std": 0.019265424460172653, "execution_std": 0.0002564503811299801, "num_runs": 10}, "basic_stein": {"compilation_mean": 5.013312339782715, "execution_mean": 0.2975900173187256, "compilation_std": 0.297198086977005, "execution_std": 0.010731072165071964, "num_runs": 10}}}