{"normalisation": {"compilation": 0.3630995452404022, "execution": 0.8020081520080566}, "results": {"basic_herding": {"compilation_mean": 0.5199999213218689, "execution_mean": 0.20070593059062958, "compilation_std": 0.06686849147081375, "execution_std": 0.010976399295032024, "num_runs": 10}, "basic_rpc": {"compilation_mean": 0.6602763533592224, "execution_mean": 0.1551407128572464, "compilation_std": 0.05858796834945679, "execution_std": 0.001004397519864142, "num_runs": 10}, "basic_stein": {"compilation_mean": 4.783126354217529, "execution_mean": 0.5173600316047668, "compilation_std": 0.33559831976890564, "execution_std": 0.012661979533731937, "num_runs": 10}}}