{"normalisation": {"compilation": 0.27770668268203735, "execution": 0.8164960145950317}, "results": {"basic_herding": {"compilation_mean": 0.9726735949516296, "execution_mean": 0.17113526165485382, "compilation_std": 0.04933209344744682, "execution_std": 0.008305736817419529, "num_runs": 10}, "basic_rpc": {"compilation_mean": 1.1357685327529907, "execution_mean": 0.021901935338974, "compilation_std": 0.042442940175533295, "execution_std": 0.00012701982632279396, "num_runs": 10}, "basic_stein": {"compilation_mean": 5.697878837585449, "execution_mean": 0.404407799243927, "compilation_std": 0.32970714569091797, "execution_std": 0.013974986039102077, "num_runs": 10}}}