{"normalisation": {"compilation": 0.3799237906932831, "execution": 0.8022595643997192}, "results": {"basic_herding": {"compilation_mean": 0.5112524032592773, "execution_mean": 0.20004601776599884, "compilation_std": 0.07025281339883804, "execution_std": 0.005444259848445654, "num_runs": 10}, "basic_rpc": {"compilation_mean": 0.5878111720085144, "execution_mean": 0.15796707570552826, "compilation_std": 0.029393786564469337, "execution_std": 0.0007131474558264017, "num_runs": 10}, "basic_stein": {"compilation_mean": 4.3670854568481445, "execution_mean": 0.5484398603439331, "compilation_std": 0.35202473402023315, "execution_std": 0.019067734479904175, "num_runs": 10}}}