{"normalisation": {"compilation": 0.3710761070251465, "execution": 0.7969963550567627}, "results": {"basic_herding": {"compilation_mean": 0.6881285905838013, "execution_mean": 0.19747665524482727, "compilation_std": 0.0977996215224266, "execution_std": 0.009155652485787868, "num_runs": 10}, "basic_rpc": {"compilation_mean": 0.7352859377861023, "execution_mean": 0.1295224130153656, "compilation_std": 0.05168212577700615, "execution_std": 0.001163728185929358, "num_runs": 10}, "basic_stein": {"compilation_mean": 5.733368873596191, "execution_mean": 0.5685991644859314, "compilation_std": 0.47806426882743835, "execution_std": 0.012541772797703743, "num_runs": 10}}}