{"normalisation": {"compilation": 0.3603137135505676, "execution": 0.7983784079551697}, "results": {"basic_herding": {"compilation_mean": 0.5358366966247559, "execution_mean": 0.20224551856517792, "compilation_std": 0.07625729590654373, "execution_std": 0.011320539750158787, "num_runs": 10}, "basic_rpc": {"compilation_mean": 0.6216625571250916, "execution_mean": 0.1562052071094513, "compilation_std": 0.033740345388650894, "execution_std": 0.0009547547670081258, "num_runs": 10}, "basic_stein": {"compilation_mean": 4.772780418395996, "execution_mean": 0.5434816479682922, "compilation_std": 0.3243977129459381, "execution_std": 0.014316583052277565, "num_runs": 10}}}