{"normalisation": {"compilation": 0.3134765326976776, "execution": 0.8122126460075378}, "results": {"basic_herding": {"compilation_mean": 1.077508807182312, "execution_mean": 0.08772643655538559, "compilation_std": 0.05370136722922325, "execution_std": 0.00238485774025321, "num_runs": 10}, "basic_rpc": {"compilation_mean": 1.3116521835327148, "execution_mean": 0.019519416615366936, "compilation_std": 0.10543742775917053, "execution_std": 0.0003551511908881366, "num_runs": 10}, "basic_stein": {"compilation_mean": 4.9436869621276855, "execution_mean": 0.2955966591835022, "compilation_std": 0.220110222697258, "execution_std": 0.012499983422458172, "num_runs": 10}}}