{"normalisation": {"compilation": 0.6364849209785461, "execution": 0.6970622539520264}, "results": {"basic_herding": {"compilation_mean": 0.5759451985359192, "execution_mean": 0.05294504761695862, "compilation_std": 0.03962286189198494, "execution_std": 0.00125130417291075, "num_runs": 10}, "basic_rpc": {"compilation_mean": 0.6807413101196289, "execution_mean": 0.02234635315835476, "compilation_std": 0.014788830652832985, "execution_std": 0.00023749771935399622, "num_runs": 10}, "basic_stein": {"compilation_mean": 2.269832134246826, "execution_mean": 0.4228005111217499, "compilation_std": 0.08406703919172287, "execution_std": 0.010734161362051964, "num_runs": 10}}}