{"normalisation": {"compilation": 0.32710403203964233, "execution": 0.8094488382339478}, "results": {"basic_herding": {"compilation_mean": 0.9529322981834412, "execution_mean": 0.18198062479496002, "compilation_std": 0.05523916706442833, "execution_std": 0.008974546566605568, "num_runs": 10}, "basic_rpc": {"compilation_mean": 1.1535907983779907, "execution_mean": 0.02164441905915737, "compilation_std": 0.04107627645134926, "execution_std": 0.00017156338435597718, "num_runs": 10}, "basic_stein": {"compilation_mean": 5.350264072418213, "execution_mean": 0.415616899728775, "compilation_std": 0.3803543746471405, "execution_std": 0.013788561336696148, "num_runs": 10}}}