{"normalisation": {"compilation": 0.3700762689113617, "execution": 0.807507336139679}, "results": {"basic_herding": {"compilation_mean": 0.515541672706604, "execution_mean": 0.19103048741817474, "compilation_std": 0.048385635018348694, "execution_std": 0.0054397378116846085, "num_runs": 10}, "basic_rpc": {"compilation_mean": 0.6436323523521423, "execution_mean": 0.15558190643787384, "compilation_std": 0.06175164878368378, "execution_std": 0.0009705760749056935, "num_runs": 10}, "basic_stein": {"compilation_mean": 4.622986793518066, "execution_mean": 0.517042338848114, "compilation_std": 0.33737021684646606, "execution_std": 0.007501961197704077, "num_runs": 10}}}