{"normalisation": {"compilation": 0.3626554012298584, "execution": 0.788634717464447}, "results": {"basic_herding": {"compilation_mean": 0.5552561283111572, "execution_mean": 0.19359348714351654, "compilation_std": 0.06061067804694176, "execution_std": 0.00675211800262332, "num_runs": 10}, "basic_rpc": {"compilation_mean": 0.740970253944397, "execution_mean": 0.12997877597808838, "compilation_std": 0.03290548920631409, "execution_std": 0.001518521923571825, "num_runs": 10}, "basic_stein": {"compilation_mean": 4.558264255523682, "execution_mean": 0.5628438591957092, "compilation_std": 0.3582727313041687, "execution_std": 0.011126913130283356, "num_runs": 10}}}