{"normalisation": {"compilation": 0.5092918276786804, "execution": 0.6833421587944031}, "results": {"basic_herding": {"compilation_mean": 0.3950355350971222, "execution_mean": 2.538569688796997, "compilation_std": 0.038782425224781036, "execution_std": 0.03110700473189354, "num_runs": 10}, "basic_rpc": {"compilation_mean": 0.6101633310317993, "execution_mean": 0.19579532742500305, "compilation_std": 0.04368070140480995, "execution_std": 0.0011371950386092067, "num_runs": 10}, "basic_stein": {"compilation_mean": 3.2942237854003906, "execution_mean": 2.880678415298462, "compilation_std": 0.2433154135942459, "execution_std": 0.028744295239448547, "num_runs": 10}}}