{"normalisation": {"compilation": 0.3547750413417816, "execution": 0.7969375848770142}, "results": {"basic_herding": {"compilation_mean": 0.6857750415802002, "execution_mean": 0.20266127586364746, "compilation_std": 0.14654643833637238, "execution_std": 0.007873333059251308, "num_runs": 10}, "basic_rpc": {"compilation_mean": 0.8286566734313965, "execution_mean": 0.13045959174633026, "compilation_std": 0.0901433601975441, "execution_std": 0.0028509695548564196, "num_runs": 10}, "basic_stein": {"compilation_mean": 5.804208755493164, "execution_mean": 0.5526344180107117, "compilation_std": 0.40452373027801514, "execution_std": 0.007882636040449142, "num_runs": 10}}}