{"normalisation": {"compilation": 0.3213137984275818, "execution": 0.8077417612075806}, "results": {"basic_herding": {"compilation_mean": 1.0244312286376953, "execution_mean": 0.17463457584381104, "compilation_std": 0.05772390589118004, "execution_std": 0.005958278197795153, "num_runs": 10}, "basic_rpc": {"compilation_mean": 1.1997991800308228, "execution_mean": 0.021989425644278526, "compilation_std": 0.019971251487731934, "execution_std": 0.0003850297362077981, "num_runs": 10}, "basic_stein": {"compilation_mean": 5.553640365600586, "execution_mean": 0.41516026854515076, "compilation_std": 0.3706410825252533, "execution_std": 0.01202246081084013, "num_runs": 10}}}