{"normalisation": {"compilation": 0.277327299118042, "execution": 0.8119301199913025}, "results": {"basic_herding": {"compilation_mean": 0.9772878885269165, "execution_mean": 0.172664076089859, "compilation_std": 0.06884730607271194, "execution_std": 0.008400965481996536, "num_runs": 10}, "basic_rpc": {"compilation_mean": 1.1222337484359741, "execution_mean": 0.02180984616279602, "compilation_std": 0.02799619361758232, "execution_std": 0.00016420698375441134, "num_runs": 10}, "basic_stein": {"compilation_mean": 5.6210036277771, "execution_mean": 0.399763822555542, "compilation_std": 0.3338990807533264, "execution_std": 0.012372820638120174, "num_runs": 10}}}