{"normalisation": {"compilation": 0.29938745498657227, "execution": 0.8298888206481934}, "results": {"basic_herding": {"compilation_mean": 1.1603670120239258, "execution_mean": 0.08694404363632202, "compilation_std": 0.035030074417591095, "execution_std": 0.001083620823919773, "num_runs": 10}, "basic_rpc": {"compilation_mean": 1.3775259256362915, "execution_mean": 0.019876306876540184, "compilation_std": 0.0248219296336174, "execution_std": 0.00036931296926923096, "num_runs": 10}, "basic_stein": {"compilation_mean": 5.294872760772705, "execution_mean": 0.29524728655815125, "compilation_std": 0.28227049112319946, "execution_std": 0.01011913176625967, "num_runs": 10}}}