{"normalisation": {"compilation": 0.37814950942993164, "execution": 0.8151174783706665}, "results": {"basic_herding": {"compilation_mean": 0.5260745882987976, "execution_mean": 0.1935783475637436, "compilation_std": 0.07285280525684357, "execution_std": 0.008982125669717789, "num_runs": 10}, "basic_rpc": {"compilation_mean": 0.6682191491127014, "execution_mean": 0.15505513548851013, "compilation_std": 0.07519369572401047, "execution_std": 0.0011571012437343597, "num_runs": 10}, "basic_stein": {"compilation_mean": 4.713431358337402, "execution_mean": 0.515829861164093, "compilation_std": 0.28406649827957153, "execution_std": 0.012145771645009518, "num_runs": 10}}}