{"normalisation": {"compilation": 0.35792168974876404, "execution": 0.8036491274833679}, "results": {"basic_herding": {"compilation_mean": 0.6870167851448059, "execution_mean": 0.19788523018360138, "compilation_std": 0.05965825542807579, "execution_std": 0.010680606588721275, "num_runs": 10}, "basic_rpc": {"compilation_mean": 0.8107184767723083, "execution_mean": 0.12661008536815643, "compilation_std": 0.11537620425224304, "execution_std": 0.0008086758316494524, "num_runs": 10}, "basic_stein": {"compilation_mean": 5.9227423667907715, "execution_mean": 0.5576322674751282, "compilation_std": 0.4580541253089905, "execution_std": 0.017443349584937096, "num_runs": 10}}}