{"normalisation": {"compilation": 0.34830740094184875, "execution": 0.7956033945083618}, "results": {"basic_herding": {"compilation_mean": 0.7067132592201233, "execution_mean": 0.20641355216503143, "compilation_std": 0.1292475312948227, "execution_std": 0.010115675628185272, "num_runs": 10}, "basic_rpc": {"compilation_mean": 0.7830892205238342, "execution_mean": 0.1264316886663437, "compilation_std": 0.03086867928504944, "execution_std": 0.0015523869078606367, "num_runs": 10}, "basic_stein": {"compilation_mean": 5.7529096603393555, "execution_mean": 0.5541279911994934, "compilation_std": 0.4014739990234375, "execution_std": 0.02175193279981613, "num_runs": 10}}}