{"normalisation": {"compilation": 0.34880417585372925, "execution": 0.8069038391113281}, "results": {"basic_herding": {"compilation_mean": 0.7628405094146729, "execution_mean": 0.19961665570735931, "compilation_std": 0.10733099281787872, "execution_std": 0.00934725720435381, "num_runs": 10}, "basic_rpc": {"compilation_mean": 0.8030992746353149, "execution_mean": 0.12764310836791992, "compilation_std": 0.04442548006772995, "execution_std": 0.0012030169600620866, "num_runs": 10}, "basic_stein": {"compilation_mean": 5.92236852645874, "execution_mean": 0.5570444464683533, "compilation_std": 0.34134939312934875, "execution_std": 0.014735082164406776, "num_runs": 10}}}