{"normalisation": {"compilation": 0.369716614484787, "execution": 0.7876870036125183}, "results": {"basic_herding": {"compilation_mean": 0.856972873210907, "execution_mean": 0.18316400051116943, "compilation_std": 0.049082472920417786, "execution_std": 0.009757507592439651, "num_runs": 10}, "basic_rpc": {"compilation_mean": 1.0166529417037964, "execution_mean": 0.023019256070256233, "compilation_std": 0.024941004812717438, "execution_std": 0.0016413874691352248, "num_runs": 10}, "basic_stein": {"compilation_mean": 4.3194732666015625, "execution_mean": 0.4251737594604492, "compilation_std": 0.22370421886444092, "execution_std": 0.014336204156279564, "num_runs": 10}}}