{"normalisation": {"compilation": 0.35604679584503174, "execution": 0.8004250526428223}, "results": {"basic_herding": {"compilation_mean": 0.6881541609764099, "execution_mean": 0.20468392968177795, "compilation_std": 0.07186248153448105, "execution_std": 0.012187770567834377, "num_runs": 10}, "basic_rpc": {"compilation_mean": 0.8174018859863281, "execution_mean": 0.12994258105754852, "compilation_std": 0.09843795001506805, "execution_std": 0.0021985562052577734, "num_runs": 10}, "basic_stein": {"compilation_mean": 6.010445594787598, "execution_mean": 0.5621543526649475, "compilation_std": 0.3387826383113861, "execution_std": 0.015856407582759857, "num_runs": 10}}}