{"normalisation": {"compilation": 0.6508559584617615, "execution": 0.6889542937278748}, "results": {"basic_herding": {"compilation_mean": 0.570387065410614, "execution_mean": 0.05300606042146683, "compilation_std": 0.04574020206928253, "execution_std": 0.0006265915581025183, "num_runs": 10}, "basic_rpc": {"compilation_mean": 0.6710192561149597, "execution_mean": 0.02229629084467888, "compilation_std": 0.00978828314691782, "execution_std": 0.0002657056611496955, "num_runs": 10}, "basic_stein": {"compilation_mean": 2.212453603744507, "execution_mean": 0.42433157563209534, "compilation_std": 0.09762293100357056, "execution_std": 0.008780109696090221, "num_runs": 10}}}