{"normalisation": {"compilation": 1.300423264503479, "execution": 0.7616954445838928}, "results": {"basic_herding": {"compilation_mean": 0.2584742307662964, "execution_mean": 0.07913948595523834, "compilation_std": 0.008007741533219814, "execution_std": 0.003934724256396294, "num_runs": 10}, "basic_rpc": {"compilation_mean": 0.3112947642803192, "execution_mean": 0.022763390094041824, "compilation_std": 0.008517644368112087, "execution_std": 0.00014919191016815603, "num_runs": 10}, "basic_stein": {"compilation_mean": 1.154436469078064, "execution_mean": 0.29398271441459656, "compilation_std": 0.053091034293174744, "execution_std": 0.011949614621698856, "num_runs": 10}}}