{"normalisation": {"compilation": 0.3610789477825165, "execution": 0.814893901348114}, "results": {"basic_herding": {"compilation_mean": 0.7034227252006531, "execution_mean": 0.1908983439207077, "compilation_std": 0.057605624198913574, "execution_std": 0.009704837575554848, "num_runs": 10}, "basic_rpc": {"compilation_mean": 0.8285587430000305, "execution_mean": 0.12916038930416107, "compilation_std": 0.12062927335500717, "execution_std": 0.002931786933913827, "num_runs": 10}, "basic_stein": {"compilation_mean": 5.985629081726074, "execution_mean": 0.5534189939498901, "compilation_std": 0.4340095818042755, "execution_std": 0.019598590210080147, "num_runs": 10}}}