{"normalisation": {"compilation": 0.5153220295906067, "execution": 0.6829246282577515}, "results": {"basic_herding": {"compilation_mean": 0.4243486821651459, "execution_mean": 2.550110101699829, "compilation_std": 0.04454794153571129, "execution_std": 0.012643043883144855, "num_runs": 10}, "basic_rpc": {"compilation_mean": 0.5997611880302429, "execution_mean": 0.19295494258403778, "compilation_std": 0.03793172165751457, "execution_std": 0.0012499712174758315, "num_runs": 10}, "basic_stein": {"compilation_mean": 3.1900689601898193, "execution_mean": 2.8800652027130127, "compilation_std": 0.179266557097435, "execution_std": 0.01467030681669712, "num_runs": 10}}}