{"normalisation": {"compilation": 0.29945793747901917, "execution": 0.8075780868530273}, "results": {"basic_herding": {"compilation_mean": 0.9191293120384216, "execution_mean": 0.17666637897491455, "compilation_std": 0.05408301576972008, "execution_std": 0.008460592478513718, "num_runs": 10}, "basic_rpc": {"compilation_mean": 1.1045598983764648, "execution_mean": 0.02313309721648693, "compilation_std": 0.038532402366399765, "execution_std": 0.00121499493252486, "num_runs": 10}, "basic_stein": {"compilation_mean": 5.444234848022461, "execution_mean": 0.4099191129207611, "compilation_std": 0.37695297598838806, "execution_std": 0.015442063100636005, "num_runs": 10}}}