{"normalisation": {"compilation": 0.3554312288761139, "execution": 0.7944628000259399}, "results": {"basic_herding": {"compilation_mean": 0.7096279263496399, "execution_mean": 0.2099905014038086, "compilation_std": 0.14691849052906036, "execution_std": 0.024431535974144936, "num_runs": 10}, "basic_rpc": {"compilation_mean": 0.7938451170921326, "execution_mean": 0.12803173065185547, "compilation_std": 0.032422371208667755, "execution_std": 0.0011818589409813285, "num_runs": 10}, "basic_stein": {"compilation_mean": 5.894317150115967, "execution_mean": 0.5649554133415222, "compilation_std": 0.39376476407051086, "execution_std": 0.013490664772689342, "num_runs": 10}}}