{"normalisation": {"compilation": 0.3588758409023285, "execution": 0.8139338493347168}, "results": {"basic_herding": {"compilation_mean": 0.7384673953056335, "execution_mean": 0.1931859403848648, "compilation_std": 0.12279064208269119, "execution_std": 0.007201940752565861, "num_runs": 10}, "basic_rpc": {"compilation_mean": 0.7698915004730225, "execution_mean": 0.12407191097736359, "compilation_std": 0.03177756443619728, "execution_std": 0.0005512126954272389, "num_runs": 10}, "basic_stein": {"compilation_mean": 5.729651927947998, "execution_mean": 0.5629068613052368, "compilation_std": 0.3789045214653015, "execution_std": 0.011926701292395592, "num_runs": 10}}}