{"normalisation": {"compilation": 0.5209521055221558, "execution": 0.6845052242279053}, "results": {"basic_herding": {"compilation_mean": 0.426171213388443, "execution_mean": 2.5905630588531494, "compilation_std": 0.03601549193263054, "execution_std": 0.04150785878300667, "num_runs": 10}, "basic_rpc": {"compilation_mean": 0.597338080406189, "execution_mean": 0.19933655858039856, "compilation_std": 0.050796013325452805, "execution_std": 0.001592387561686337, "num_runs": 10}, "basic_stein": {"compilation_mean": 3.2215447425842285, "execution_mean": 2.9445691108703613, "compilation_std": 0.212117537856102, "execution_std": 0.03570966422557831, "num_runs": 10}}}