{"normalisation": {"compilation": 1.4481264352798462, "execution": 0.692948043346405}, "results": {"basic_herding": {"compilation_mean": 0.24224527180194855, "execution_mean": 0.10217826813459396, "compilation_std": 0.01348660234361887, "execution_std": 0.0037858032155781984, "num_runs": 10}, "basic_rpc": {"compilation_mean": 0.2850000560283661, "execution_mean": 0.02421034500002861, "compilation_std": 0.0063407220877707005, "execution_std": 0.00016405782662332058, "num_runs": 10}, "basic_stein": {"compilation_mean": 1.1069692373275757, "execution_mean": 0.3487289249897003, "compilation_std": 0.036992911249399185, "execution_std": 0.012763036414980888, "num_runs": 10}}}