{"normalisation": {"compilation": 0.36110079288482666, "execution": 0.7826358675956726}, "results": {"basic_herding": {"compilation_mean": 0.5458793044090271, "execution_mean": 0.2056967318058014, "compilation_std": 0.07225494831800461, "execution_std": 0.011812050826847553, "num_runs": 10}, "basic_rpc": {"compilation_mean": 0.6249026656150818, "execution_mean": 0.16136468946933746, "compilation_std": 0.030951611697673798, "execution_std": 0.0016182557446882129, "num_runs": 10}, "basic_stein": {"compilation_mean": 4.633486270904541, "execution_mean": 0.5680294632911682, "compilation_std": 0.3667323589324951, "execution_std": 0.013847218826413155, "num_runs": 10}}}