{"normalisation": {"compilation": 1.4491108655929565, "execution": 0.6993045806884766}, "results": {"basic_herding": {"compilation_mean": 0.24509166181087494, "execution_mean": 0.10439356416463852, "compilation_std": 0.009719760157167912, "execution_std": 0.0034317795652896166, "num_runs": 10}, "basic_rpc": {"compilation_mean": 0.2915354073047638, "execution_mean": 0.023207304999232292, "compilation_std": 0.01719280518591404, "execution_std": 0.00034826339106075466, "num_runs": 10}, "basic_stein": {"compilation_mean": 1.102455496788025, "execution_mean": 0.35138294100761414, "compilation_std": 0.032900650054216385, "execution_std": 0.014818516559898853, "num_runs": 10}}}