{"normalisation": {"compilation": 0.2768106162548065, "execution": 0.811708927154541}, "results": {"basic_herding": {"compilation_mean": 1.0016039609909058, "execution_mean": 0.1676863431930542, "compilation_std": 0.048692673444747925, "execution_std": 0.005816853605210781, "num_runs": 10}, "basic_rpc": {"compilation_mean": 1.1435470581054688, "execution_mean": 0.022082272917032242, "compilation_std": 0.03305918723344803, "execution_std": 0.00028861730243079364, "num_runs": 10}, "basic_stein": {"compilation_mean": 5.756863117218018, "execution_mean": 0.40925198793411255, "compilation_std": 0.31113412976264954, "execution_std": 0.012545301578938961, "num_runs": 10}}}