{"normalisation": {"compilation": 0.3515002727508545, "execution": 0.7939659953117371}, "results": {"basic_herding": {"compilation_mean": 0.6605947613716125, "execution_mean": 0.2022799700498581, "compilation_std": 0.06175771355628967, "execution_std": 0.014201500453054905, "num_runs": 10}, "basic_rpc": {"compilation_mean": 0.8071054816246033, "execution_mean": 0.12956057488918304, "compilation_std": 0.09771168977022171, "execution_std": 0.0011224346235394478, "num_runs": 10}, "basic_stein": {"compilation_mean": 5.912062644958496, "execution_mean": 0.5459362268447876, "compilation_std": 0.3765239119529724, "execution_std": 0.011245183646678925, "num_runs": 10}}}