{"normalisation": {"compilation": 0.7527311444282532, "execution": 0.5631272196769714}, "results": {"basic_herding": {"compilation_mean": 0.4941577613353729, "execution_mean": 0.1205330640077591, "compilation_std": 0.053506556898355484, "execution_std": 0.01398780383169651, "num_runs": 10}, "basic_rpc": {"compilation_mean": 0.5786311030387878, "execution_mean": 0.04641915485262871, "compilation_std": 0.009555398486554623, "execution_std": 0.002763420110568404, "num_runs": 10}, "basic_stein": {"compilation_mean": 1.9629713296890259, "execution_mean": 0.7718421220779419, "compilation_std": 0.15913979709148407, "execution_std": 0.051418304443359375, "num_runs": 10}}}