{"normalisation": {"compilation": 0.6658205389976501, "execution": 0.692172110080719}, "results": {"basic_herding": {"compilation_mean": 0.5495741367340088, "execution_mean": 0.055500876158475876, "compilation_std": 0.04191438481211662, "execution_std": 0.0037062678020447493, "num_runs": 10}, "basic_rpc": {"compilation_mean": 0.6690384149551392, "execution_mean": 0.022315703332424164, "compilation_std": 0.015397181734442711, "execution_std": 0.00023031517048366368, "num_runs": 10}, "basic_stein": {"compilation_mean": 2.1814606189727783, "execution_mean": 0.4266790449619293, "compilation_std": 0.07434779405593872, "execution_std": 0.011364496313035488, "num_runs": 10}}}