{"normalisation": {"compilation": 0.28699538111686707, "execution": 0.7949994206428528}, "results": {"basic_herding": {"compilation_mean": 0.9542821049690247, "execution_mean": 0.1764061152935028, "compilation_std": 0.04896039515733719, "execution_std": 0.008546343073248863, "num_runs": 10}, "basic_rpc": {"compilation_mean": 1.1306990385055542, "execution_mean": 0.02255789376795292, "compilation_std": 0.0520290806889534, "execution_std": 0.000602336716838181, "num_runs": 10}, "basic_stein": {"compilation_mean": 5.375804424285889, "execution_mean": 0.4116651713848114, "compilation_std": 0.31506845355033875, "execution_std": 0.011775851249694824, "num_runs": 10}}}