{"normalisation": {"compilation": 1.4348121881484985, "execution": 0.7051371335983276}, "results": {"basic_herding": {"compilation_mean": 0.24619126319885254, "execution_mean": 0.10278069972991943, "compilation_std": 0.009935550391674042, "execution_std": 0.0025544024538248777, "num_runs": 10}, "basic_rpc": {"compilation_mean": 0.29671499133110046, "execution_mean": 0.022858519107103348, "compilation_std": 0.019081352278590202, "execution_std": 0.00029753183480352163, "num_runs": 10}, "basic_stein": {"compilation_mean": 1.1349748373031616, "execution_mean": 0.3473530113697052, "compilation_std": 0.041267674416303635, "execution_std": 0.021667659282684326, "num_runs": 10}}}