{"normalisation": {"compilation": 0.30808591842651367, "execution": 0.8059291243553162}, "results": {"basic_herding": {"compilation_mean": 1.0993778705596924, "execution_mean": 0.09174754470586777, "compilation_std": 0.046046510338783264, "execution_std": 0.0036336847115308046, "num_runs": 10}, "basic_rpc": {"compilation_mean": 1.3297176361083984, "execution_mean": 0.01952364481985569, "compilation_std": 0.07555115967988968, "execution_std": 0.00014036819629836828, "num_runs": 10}, "basic_stein": {"compilation_mean": 5.021487712860107, "execution_mean": 0.31253740191459656, "compilation_std": 0.2152927666902542, "execution_std": 0.016162751242518425, "num_runs": 10}}}