{"normalisation": {"compilation": 1.3010873794555664, "execution": 0.7633966207504272}, "results": {"basic_herding": {"compilation_mean": 0.26135826110839844, "execution_mean": 0.08069998770952225, "compilation_std": 0.012173228897154331, "execution_std": 0.005472355056554079, "num_runs": 10}, "basic_rpc": {"compilation_mean": 0.3105338215827942, "execution_mean": 0.023758916184306145, "compilation_std": 0.008301972411572933, "execution_std": 0.0006032182718627155, "num_runs": 10}, "basic_stein": {"compilation_mean": 1.1986401081085205, "execution_mean": 0.2937074303627014, "compilation_std": 0.05431464686989784, "execution_std": 0.01004763599485159, "num_runs": 10}}}