{"normalisation": {"compilation": 0.308682918548584, "execution": 0.8115057945251465}, "results": {"basic_herding": {"compilation_mean": 1.077799677848816, "execution_mean": 0.08892887085676193, "compilation_std": 0.053648918867111206, "execution_std": 0.0027115391567349434, "num_runs": 10}, "basic_rpc": {"compilation_mean": 1.3297922611236572, "execution_mean": 0.01936967670917511, "compilation_std": 0.08758645504713058, "execution_std": 9.106362995225936e-05, "num_runs": 10}, "basic_stein": {"compilation_mean": 4.936601161956787, "execution_mean": 0.30147773027420044, "compilation_std": 0.18611153960227966, "execution_std": 0.011266157031059265, "num_runs": 10}}}