{"normalisation": {"compilation": 1.2822092771530151, "execution": 0.7609896659851074}, "results": {"basic_herding": {"compilation_mean": 0.25776708126068115, "execution_mean": 0.07987838983535767, "compilation_std": 0.011328835040330887, "execution_std": 0.0028047580271959305, "num_runs": 10}, "basic_rpc": {"compilation_mean": 0.3091023564338684, "execution_mean": 0.02262522280216217, "compilation_std": 0.020845575258135796, "execution_std": 0.00011624436592683196, "num_runs": 10}, "basic_stein": {"compilation_mean": 1.1469812393188477, "execution_mean": 0.29202261567115784, "compilation_std": 0.042969971895217896, "execution_std": 0.01022874005138874, "num_runs": 10}}}