{"normalisation": {"compilation": 0.2755151689052582, "execution": 0.4734552502632141}, "results": {"basic_herding": {"compilation_mean": 1.116759181022644, "execution_mean": 0.1794157326221466, "compilation_std": 0.05072656273841858, "execution_std": 0.01518408115953207, "num_runs": 10}, "basic_rpc": {"compilation_mean": 1.2766493558883667, "execution_mean": 0.048065073788166046, "compilation_std": 0.02113693207502365, "execution_std": 0.001333904918283224, "num_runs": 10}, "basic_stein": {"compilation_mean": 5.342557907104492, "execution_mean": 0.7807539105415344, "compilation_std": 0.3080032765865326, "execution_std": 0.019569536671042442, "num_runs": 10}}}