{"normalisation": {"compilation": 0.3608151376247406, "execution": 0.8073391914367676}, "results": {"basic_herding": {"compilation_mean": 0.6952415704727173, "execution_mean": 0.19901682436466217, "compilation_std": 0.07147826999425888, "execution_std": 0.008196275681257248, "num_runs": 10}, "basic_rpc": {"compilation_mean": 0.8296891450881958, "execution_mean": 0.12847130000591278, "compilation_std": 0.12927094101905823, "execution_std": 0.0009083550539799035, "num_runs": 10}, "basic_stein": {"compilation_mean": 6.0190277099609375, "execution_mean": 0.5437576174736023, "compilation_std": 0.40408825874328613, "execution_std": 0.009426647797226906, "num_runs": 10}}}