{"normalisation": {"compilation": 0.5278372168540955, "execution": 0.682373046875}, "results": {"basic_herding": {"compilation_mean": 0.4068107604980469, "execution_mean": 2.5671775341033936, "compilation_std": 0.03493741154670715, "execution_std": 0.024239659309387207, "num_runs": 10}, "basic_rpc": {"compilation_mean": 0.5860282778739929, "execution_mean": 0.19810107350349426, "compilation_std": 0.03937559574842453, "execution_std": 0.0011325214290991426, "num_runs": 10}, "basic_stein": {"compilation_mean": 3.137634038925171, "execution_mean": 2.916964292526245, "compilation_std": 0.23183920979499817, "execution_std": 0.038826361298561096, "num_runs": 10}}}