{"normalisation": {"compilation": 0.3197267949581146, "execution": 0.7981795072555542}, "results": {"basic_herding": {"compilation_mean": 1.0914933681488037, "execution_mean": 0.0905308797955513, "compilation_std": 0.03796996548771858, "execution_std": 0.0029843654483556747, "num_runs": 10}, "basic_rpc": {"compilation_mean": 1.3320717811584473, "execution_mean": 0.019980210810899734, "compilation_std": 0.08764596283435822, "execution_std": 0.00027002530987374485, "num_runs": 10}, "basic_stein": {"compilation_mean": 4.957973003387451, "execution_mean": 0.29410320520401, "compilation_std": 0.23089218139648438, "execution_std": 0.0085707763209939, "num_runs": 10}}}