{"normalisation": {"compilation": 0.3296973407268524, "execution": 0.7984766364097595}, "results": {"basic_herding": {"compilation_mean": 0.9062984585762024, "execution_mean": 0.17940828204154968, "compilation_std": 0.06934055685997009, "execution_std": 0.011169678531587124, "num_runs": 10}, "basic_rpc": {"compilation_mean": 1.116164207458496, "execution_mean": 0.022852282971143723, "compilation_std": 0.02981635183095932, "execution_std": 0.0002174827823182568, "num_runs": 10}, "basic_stein": {"compilation_mean": 4.514289379119873, "execution_mean": 0.42268043756484985, "compilation_std": 0.22214806079864502, "execution_std": 0.014709691517055035, "num_runs": 10}}}