{"normalisation": {"compilation": 0.2830585837364197, "execution": 0.8185454607009888}, "results": {"basic_herding": {"compilation_mean": 0.9948831796646118, "execution_mean": 0.16944971680641174, "compilation_std": 0.043880730867385864, "execution_std": 0.009768125601112843, "num_runs": 10}, "basic_rpc": {"compilation_mean": 1.1214369535446167, "execution_mean": 0.022002629935741425, "compilation_std": 0.029675213620066643, "execution_std": 0.00019637947843875736, "num_runs": 10}, "basic_stein": {"compilation_mean": 5.550420761108398, "execution_mean": 0.42124447226524353, "compilation_std": 0.33266711235046387, "execution_std": 0.011763294227421284, "num_runs": 10}}}