{"normalisation": {"compilation": 0.379411906003952, "execution": 0.8128939867019653}, "results": {"basic_herding": {"compilation_mean": 0.5119141936302185, "execution_mean": 0.1992308795452118, "compilation_std": 0.04992375895380974, "execution_std": 0.006879056338220835, "num_runs": 10}, "basic_rpc": {"compilation_mean": 0.6271697878837585, "execution_mean": 0.15639765560626984, "compilation_std": 0.05942855030298233, "execution_std": 0.002748561557382345, "num_runs": 10}, "basic_stein": {"compilation_mean": 4.495267391204834, "execution_mean": 0.5170138478279114, "compilation_std": 0.32639387249946594, "execution_std": 0.014403419569134712, "num_runs": 10}}}