{"normalisation": {"compilation": 0.34827184677124023, "execution": 0.8190415501594543}, "results": {"basic_herding": {"compilation_mean": 0.6930968165397644, "execution_mean": 0.19580979645252228, "compilation_std": 0.0840575248003006, "execution_std": 0.008077946491539478, "num_runs": 10}, "basic_rpc": {"compilation_mean": 0.819323718547821, "execution_mean": 0.12738296389579773, "compilation_std": 0.12780654430389404, "execution_std": 0.0008775144815444946, "num_runs": 10}, "basic_stein": {"compilation_mean": 6.030430316925049, "execution_mean": 0.5302709937095642, "compilation_std": 0.4328903257846832, "execution_std": 0.010098470374941826, "num_runs": 10}}}