{"normalisation": {"compilation": 0.3765491545200348, "execution": 0.7928810119628906}, "results": {"basic_herding": {"compilation_mean": 0.5345730185508728, "execution_mean": 0.19764555990695953, "compilation_std": 0.05420596897602081, "execution_std": 0.00842122919857502, "num_runs": 10}, "basic_rpc": {"compilation_mean": 0.7313935160636902, "execution_mean": 0.1282443404197693, "compilation_std": 0.03727571666240692, "execution_std": 0.0006010090583004057, "num_runs": 10}, "basic_stein": {"compilation_mean": 4.652167797088623, "execution_mean": 0.5479968786239624, "compilation_std": 0.36846673488616943, "execution_std": 0.01569141261279583, "num_runs": 10}}}