{"normalisation": {"compilation": 0.3559210002422333, "execution": 0.7903389930725098}, "results": {"basic_herding": {"compilation_mean": 0.5622796416282654, "execution_mean": 0.18905672430992126, "compilation_std": 0.04985656216740608, "execution_std": 0.008676768280565739, "num_runs": 10}, "basic_rpc": {"compilation_mean": 0.751237690448761, "execution_mean": 0.1301903873682022, "compilation_std": 0.03420841321349144, "execution_std": 0.0021931941155344248, "num_runs": 10}, "basic_stein": {"compilation_mean": 4.753364086151123, "execution_mean": 0.5594184398651123, "compilation_std": 0.39561915397644043, "execution_std": 0.010243463329970837, "num_runs": 10}}}