{"normalisation": {"compilation": 0.3770223557949066, "execution": 0.7937078475952148}, "results": {"basic_herding": {"compilation_mean": 0.483938604593277, "execution_mean": 0.20398235321044922, "compilation_std": 0.05290872976183891, "execution_std": 0.007909717969596386, "num_runs": 10}, "basic_rpc": {"compilation_mean": 0.633224368095398, "execution_mean": 0.15986178815364838, "compilation_std": 0.0676509439945221, "execution_std": 0.0032167555764317513, "num_runs": 10}, "basic_stein": {"compilation_mean": 4.569247722625732, "execution_mean": 0.5491868853569031, "compilation_std": 0.2865492105484009, "execution_std": 0.01403765194118023, "num_runs": 10}}}