{"normalisation": {"compilation": 0.34875574707984924, "execution": 0.8044697642326355}, "results": {"basic_herding": {"compilation_mean": 0.7132622003555298, "execution_mean": 0.20312786102294922, "compilation_std": 0.08909105509519577, "execution_std": 0.008709008805453777, "num_runs": 10}, "basic_rpc": {"compilation_mean": 0.787747323513031, "execution_mean": 0.12912483513355255, "compilation_std": 0.027238626033067703, "execution_std": 0.004658058285713196, "num_runs": 10}, "basic_stein": {"compilation_mean": 5.818613529205322, "execution_mean": 0.5656759738922119, "compilation_std": 0.3680950999259949, "execution_std": 0.0359560064971447, "num_runs": 10}}}