{"normalisation": {"compilation": 0.35773777961730957, "execution": 0.8000760078430176}, "results": {"basic_herding": {"compilation_mean": 0.6705368757247925, "execution_mean": 0.2047245055437088, "compilation_std": 0.07210543751716614, "execution_std": 0.020772209390997887, "num_runs": 10}, "basic_rpc": {"compilation_mean": 0.8190224766731262, "execution_mean": 0.12971626222133636, "compilation_std": 0.11031589657068253, "execution_std": 0.001492026844061911, "num_runs": 10}, "basic_stein": {"compilation_mean": 5.865054607391357, "execution_mean": 0.5454586148262024, "compilation_std": 0.3068998456001282, "execution_std": 0.01550045795738697, "num_runs": 10}}}