{"normalisation": {"compilation": 0.3221662640571594, "execution": 0.8191496133804321}, "results": {"basic_herding": {"compilation_mean": 1.0053788423538208, "execution_mean": 0.1788787543773651, "compilation_std": 0.07808162271976471, "execution_std": 0.012186160311102867, "num_runs": 10}, "basic_rpc": {"compilation_mean": 1.205678939819336, "execution_mean": 0.021869175136089325, "compilation_std": 0.028108082711696625, "execution_std": 0.00029322097543627024, "num_runs": 10}, "basic_stein": {"compilation_mean": 5.650660514831543, "execution_mean": 0.41479817032814026, "compilation_std": 0.41827449202537537, "execution_std": 0.010266932658851147, "num_runs": 10}}}