{"normalisation": {"compilation": 0.3024137318134308, "execution": 0.8080007433891296}, "results": {"basic_herding": {"compilation_mean": 0.9073026776313782, "execution_mean": 0.17698389291763306, "compilation_std": 0.050864044576883316, "execution_std": 0.008280955255031586, "num_runs": 10}, "basic_rpc": {"compilation_mean": 1.0782102346420288, "execution_mean": 0.022280927747488022, "compilation_std": 0.04874931648373604, "execution_std": 0.00040912069380283356, "num_runs": 10}, "basic_stein": {"compilation_mean": 5.332262992858887, "execution_mean": 0.40478354692459106, "compilation_std": 0.35873594880104065, "execution_std": 0.006995450705289841, "num_runs": 10}}}