{"normalisation": {"compilation": 0.3763183057308197, "execution": 0.8041316866874695}, "results": {"basic_herding": {"compilation_mean": 0.5195842981338501, "execution_mean": 0.20539437234401703, "compilation_std": 0.06899035722017288, "execution_std": 0.016490204259753227, "num_runs": 10}, "basic_rpc": {"compilation_mean": 0.6205251216888428, "execution_mean": 0.1562015265226364, "compilation_std": 0.031940095126628876, "execution_std": 0.0024330762680619955, "num_runs": 10}, "basic_stein": {"compilation_mean": 4.617520332336426, "execution_mean": 0.5263891816139221, "compilation_std": 0.3630809485912323, "execution_std": 0.01193156000226736, "num_runs": 10}}}