{"normalisation": {"compilation": 0.28995704650878906, "execution": 0.7914518713951111}, "results": {"basic_herding": {"compilation_mean": 0.9543280005455017, "execution_mean": 0.18331703543663025, "compilation_std": 0.04808705300092697, "execution_std": 0.01335190050303936, "num_runs": 10}, "basic_rpc": {"compilation_mean": 1.0716816186904907, "execution_mean": 0.022418539971113205, "compilation_std": 0.018044043332338333, "execution_std": 0.00023495013010688126, "num_runs": 10}, "basic_stein": {"compilation_mean": 5.444469451904297, "execution_mean": 0.4159119129180908, "compilation_std": 0.32008278369903564, "execution_std": 0.013704181648790836, "num_runs": 10}}}