{"normalisation": {"compilation": 0.32988497614860535, "execution": 0.8083339929580688}, "results": {"basic_herding": {"compilation_mean": 0.9434360861778259, "execution_mean": 0.1844954788684845, "compilation_std": 0.06293702125549316, "execution_std": 0.008422729559242725, "num_runs": 10}, "basic_rpc": {"compilation_mean": 1.1425762176513672, "execution_mean": 0.02157456800341606, "compilation_std": 0.02839812822639942, "execution_std": 0.00039293800364248455, "num_runs": 10}, "basic_stein": {"compilation_mean": 5.455024242401123, "execution_mean": 0.41386309266090393, "compilation_std": 0.40803083777427673, "execution_std": 0.01109409611672163, "num_runs": 10}}}