{"normalisation": {"compilation": 0.33034563064575195, "execution": 0.788989245891571}, "results": {"basic_herding": {"compilation_mean": 0.9326395988464355, "execution_mean": 0.18408744037151337, "compilation_std": 0.04414783790707588, "execution_std": 0.01431859191507101, "num_runs": 10}, "basic_rpc": {"compilation_mean": 1.1718182563781738, "execution_mean": 0.02244255691766739, "compilation_std": 0.043661873787641525, "execution_std": 0.0003193745214957744, "num_runs": 10}, "basic_stein": {"compilation_mean": 5.388286113739014, "execution_mean": 0.4170706272125244, "compilation_std": 0.3498757779598236, "execution_std": 0.013097163289785385, "num_runs": 10}}}