{"normalisation": {"compilation": 0.36848345398902893, "execution": 0.8089451193809509}, "results": {"basic_herding": {"compilation_mean": 0.673770010471344, "execution_mean": 0.19277991354465485, "compilation_std": 0.06622647494077682, "execution_std": 0.006676965393126011, "num_runs": 10}, "basic_rpc": {"compilation_mean": 0.7998839616775513, "execution_mean": 0.12766031920909882, "compilation_std": 0.12260974943637848, "execution_std": 0.0007665478042326868, "num_runs": 10}, "basic_stein": {"compilation_mean": 5.722896099090576, "execution_mean": 0.5488094687461853, "compilation_std": 0.40191635489463806, "execution_std": 0.01684899628162384, "num_runs": 10}}}