{"normalisation": {"compilation": 0.34751754999160767, "execution": 0.8033912777900696}, "results": {"basic_herding": {"compilation_mean": 0.7320612668991089, "execution_mean": 0.20178671181201935, "compilation_std": 0.10391450673341751, "execution_std": 0.009831925854086876, "num_runs": 10}, "basic_rpc": {"compilation_mean": 0.7946509122848511, "execution_mean": 0.12618015706539154, "compilation_std": 0.035923201590776443, "execution_std": 0.0013915217714384198, "num_runs": 10}, "basic_stein": {"compilation_mean": 5.980766296386719, "execution_mean": 0.5606738328933716, "compilation_std": 0.3530363440513611, "execution_std": 0.020080504938960075, "num_runs": 10}}}