{"normalisation": {"compilation": 0.3592691123485565, "execution": 0.7976629137992859}, "results": {"basic_herding": {"compilation_mean": 0.5449663996696472, "execution_mean": 0.19891373813152313, "compilation_std": 0.08643985539674759, "execution_std": 0.018380548804998398, "num_runs": 10}, "basic_rpc": {"compilation_mean": 0.7548856735229492, "execution_mean": 0.12901164591312408, "compilation_std": 0.027458103373646736, "execution_std": 0.0005500560509972274, "num_runs": 10}, "basic_stein": {"compilation_mean": 4.598587989807129, "execution_mean": 0.5516730546951294, "compilation_std": 0.4237827956676483, "execution_std": 0.011869273148477077, "num_runs": 10}}}