{"normalisation": {"compilation": 0.37100663781166077, "execution": 0.79696124792099}, "results": {"basic_herding": {"compilation_mean": 0.4960932433605194, "execution_mean": 0.20418484508991241, "compilation_std": 0.08989744633436203, "execution_std": 0.012208627536892891, "num_runs": 10}, "basic_rpc": {"compilation_mean": 0.7276499271392822, "execution_mean": 0.13059818744659424, "compilation_std": 0.03251529112458229, "execution_std": 0.0024430640041828156, "num_runs": 10}, "basic_stein": {"compilation_mean": 4.569759845733643, "execution_mean": 0.5566227436065674, "compilation_std": 0.33067843317985535, "execution_std": 0.018489478155970573, "num_runs": 10}}}