{"normalisation": {"compilation": 0.3561675250530243, "execution": 0.7909218668937683}, "results": {"basic_herding": {"compilation_mean": 0.6979948282241821, "execution_mean": 0.20052571594715118, "compilation_std": 0.059135373681783676, "execution_std": 0.010997748002409935, "num_runs": 10}, "basic_rpc": {"compilation_mean": 0.8103381991386414, "execution_mean": 0.12879374623298645, "compilation_std": 0.11105594038963318, "execution_std": 0.0011374581372365355, "num_runs": 10}, "basic_stein": {"compilation_mean": 5.846803188323975, "execution_mean": 0.548376739025116, "compilation_std": 0.39245954155921936, "execution_std": 0.012330223806202412, "num_runs": 10}}}