{"normalisation": {"compilation": 0.3518427908420563, "execution": 0.7951681017875671}, "results": {"basic_herding": {"compilation_mean": 0.6891223788261414, "execution_mean": 0.2114952802658081, "compilation_std": 0.13893231749534607, "execution_std": 0.02116161212325096, "num_runs": 10}, "basic_rpc": {"compilation_mean": 0.8411814570426941, "execution_mean": 0.13571812212467194, "compilation_std": 0.11087129265069962, "execution_std": 0.009190777316689491, "num_runs": 10}, "basic_stein": {"compilation_mean": 5.7319016456604, "execution_mean": 0.5638338923454285, "compilation_std": 0.609684407711029, "execution_std": 0.017381172627210617, "num_runs": 10}}}