{"normalisation": {"compilation": 0.3614462912082672, "execution": 0.786918044090271}, "results": {"basic_herding": {"compilation_mean": 0.686018168926239, "execution_mean": 0.20329566299915314, "compilation_std": 0.10096856951713562, "execution_std": 0.009172101505100727, "num_runs": 10}, "basic_rpc": {"compilation_mean": 0.7363523244857788, "execution_mean": 0.1305820792913437, "compilation_std": 0.030941365286707878, "execution_std": 0.0011375278700143099, "num_runs": 10}, "basic_stein": {"compilation_mean": 5.724475860595703, "execution_mean": 0.5660063624382019, "compilation_std": 0.3939744830131531, "execution_std": 0.02134830132126808, "num_runs": 10}}}