{"normalisation": {"compilation": 0.3658493459224701, "execution": 0.8057042360305786}, "results": {"basic_herding": {"compilation_mean": 0.5600284934043884, "execution_mean": 0.19198893010616302, "compilation_std": 0.06967087835073471, "execution_std": 0.01333845779299736, "num_runs": 10}, "basic_rpc": {"compilation_mean": 0.7542857527732849, "execution_mean": 0.12965230643749237, "compilation_std": 0.032114166766405106, "execution_std": 0.0029581626877188683, "num_runs": 10}, "basic_stein": {"compilation_mean": 4.7091827392578125, "execution_mean": 0.545404851436615, "compilation_std": 0.3834760785102844, "execution_std": 0.016106989234685898, "num_runs": 10}}}