{"normalisation": {"compilation": 0.373945027589798, "execution": 0.7998899221420288}, "results": {"basic_herding": {"compilation_mean": 0.5212609171867371, "execution_mean": 0.20627836883068085, "compilation_std": 0.14035087823867798, "execution_std": 0.017309468239545822, "num_runs": 10}, "basic_rpc": {"compilation_mean": 0.7233533263206482, "execution_mean": 0.1297934502363205, "compilation_std": 0.029378578066825867, "execution_std": 0.0006396489916369319, "num_runs": 10}, "basic_stein": {"compilation_mean": 4.599751949310303, "execution_mean": 0.559266209602356, "compilation_std": 0.37510696053504944, "execution_std": 0.022683443501591682, "num_runs": 10}}}