{"normalisation": {"compilation": 0.32124581933021545, "execution": 0.796259343624115}, "results": {"basic_herding": {"compilation_mean": 1.1087145805358887, "execution_mean": 0.09099438041448593, "compilation_std": 0.0519290417432785, "execution_std": 0.001477908343076706, "num_runs": 10}, "basic_rpc": {"compilation_mean": 1.3492733240127563, "execution_mean": 0.020218469202518463, "compilation_std": 0.08643214404582977, "execution_std": 0.00017302099149674177, "num_runs": 10}, "basic_stein": {"compilation_mean": 5.091626167297363, "execution_mean": 0.3135763108730316, "compilation_std": 0.2883637845516205, "execution_std": 0.019098231568932533, "num_runs": 10}}}