{"normalisation": {"compilation": 0.3673093914985657, "execution": 0.7979916334152222}, "results": {"basic_herding": {"compilation_mean": 0.5242498517036438, "execution_mean": 0.19573193788528442, "compilation_std": 0.06624515354633331, "execution_std": 0.006148568354547024, "num_runs": 10}, "basic_rpc": {"compilation_mean": 0.7285157442092896, "execution_mean": 0.12846200168132782, "compilation_std": 0.03763920068740845, "execution_std": 0.002386311301961541, "num_runs": 10}, "basic_stein": {"compilation_mean": 4.482133865356445, "execution_mean": 0.5442355275154114, "compilation_std": 0.38359305262565613, "execution_std": 0.008805261924862862, "num_runs": 10}}}