{"normalisation": {"compilation": 0.2761203348636627, "execution": 0.5221519470214844}, "results": {"basic_herding": {"compilation_mean": 0.9796807169914246, "execution_mean": 0.3027175962924957, "compilation_std": 0.06852757185697556, "execution_std": 0.014542159624397755, "num_runs": 10}, "basic_rpc": {"compilation_mean": 1.1623471975326538, "execution_mean": 0.04948999360203743, "compilation_std": 0.023544402793049812, "execution_std": 0.001827539294026792, "num_runs": 10}, "basic_stein": {"compilation_mean": 5.0003743171691895, "execution_mean": 0.9664899110794067, "compilation_std": 0.44587334990501404, "execution_std": 0.020291659981012344, "num_runs": 10}}}