{"normalisation": {"compilation": 0.3764605224132538, "execution": 0.8003469705581665}, "results": {"basic_herding": {"compilation_mean": 0.7078683376312256, "execution_mean": 0.19522099196910858, "compilation_std": 0.09263044595718384, "execution_std": 0.008984743617475033, "num_runs": 10}, "basic_rpc": {"compilation_mean": 0.7380701303482056, "execution_mean": 0.1275273561477661, "compilation_std": 0.03028297796845436, "execution_std": 0.0009053890244103968, "num_runs": 10}, "basic_stein": {"compilation_mean": 5.714848041534424, "execution_mean": 0.5559076070785522, "compilation_std": 0.4253107011318207, "execution_std": 0.013443635776638985, "num_runs": 10}}}