{"normalisation": {"compilation": 1.442190408706665, "execution": 0.6976726055145264}, "results": {"basic_herding": {"compilation_mean": 0.24073360860347748, "execution_mean": 0.10265075415372849, "compilation_std": 0.00806194357573986, "execution_std": 0.0016263165744021535, "num_runs": 10}, "basic_rpc": {"compilation_mean": 0.2863095998764038, "execution_mean": 0.02317390777170658, "compilation_std": 0.01966160722076893, "execution_std": 0.0003601415373850614, "num_runs": 10}, "basic_stein": {"compilation_mean": 1.0748192071914673, "execution_mean": 0.3472919762134552, "compilation_std": 0.049246467649936676, "execution_std": 0.018974613398313522, "num_runs": 10}}}