{"normalisation": {"compilation": 0.35547372698783875, "execution": 0.8091028332710266}, "results": {"basic_herding": {"compilation_mean": 0.706180214881897, "execution_mean": 0.20166714489459991, "compilation_std": 0.09302642196416855, "execution_std": 0.009284310042858124, "num_runs": 10}, "basic_rpc": {"compilation_mean": 0.7858063578605652, "execution_mean": 0.12619172036647797, "compilation_std": 0.02990809828042984, "execution_std": 0.0037397965788841248, "num_runs": 10}, "basic_stein": {"compilation_mean": 5.70686149597168, "execution_mean": 0.5570926666259766, "compilation_std": 0.3659476041793823, "execution_std": 0.017156777903437614, "num_runs": 10}}}