{"normalisation": {"compilation": 0.3538624048233032, "execution": 0.7881269454956055}, "results": {"basic_herding": {"compilation_mean": 0.6745637059211731, "execution_mean": 0.2077915519475937, "compilation_std": 0.062227703630924225, "execution_std": 0.011592800728976727, "num_runs": 10}, "basic_rpc": {"compilation_mean": 0.8217793703079224, "execution_mean": 0.13258405029773712, "compilation_std": 0.13929152488708496, "execution_std": 0.003034387482330203, "num_runs": 10}, "basic_stein": {"compilation_mean": 5.940549373626709, "execution_mean": 0.5692113041877747, "compilation_std": 0.3942317068576813, "execution_std": 0.010171621106564999, "num_runs": 10}}}