{"normalisation": {"compilation": 0.34769636392593384, "execution": 0.7875184416770935}, "results": {"basic_herding": {"compilation_mean": 0.6933946013450623, "execution_mean": 0.20369024574756622, "compilation_std": 0.12832629680633545, "execution_std": 0.011928529478609562, "num_runs": 10}, "basic_rpc": {"compilation_mean": 0.7737166881561279, "execution_mean": 0.127890482544899, "compilation_std": 0.04114433750510216, "execution_std": 0.0007052031578496099, "num_runs": 10}, "basic_stein": {"compilation_mean": 5.767455577850342, "execution_mean": 0.562842845916748, "compilation_std": 0.32235389947891235, "execution_std": 0.0149534335359931, "num_runs": 10}}}