{"normalisation": {"compilation": 0.33565422892570496, "execution": 0.8049553036689758}, "results": {"basic_herding": {"compilation_mean": 0.94277423620224, "execution_mean": 0.1863056868314743, "compilation_std": 0.09584277868270874, "execution_std": 0.007807397749274969, "num_runs": 10}, "basic_rpc": {"compilation_mean": 1.1697883605957031, "execution_mean": 0.02242172509431839, "compilation_std": 0.045411840081214905, "execution_std": 0.000594369019381702, "num_runs": 10}, "basic_stein": {"compilation_mean": 5.461303234100342, "execution_mean": 0.41206517815589905, "compilation_std": 0.3640742599964142, "execution_std": 0.010954048484563828, "num_runs": 10}}}