{"normalisation": {"compilation": 0.5287024974822998, "execution": 0.6822792887687683}, "results": {"basic_herding": {"compilation_mean": 0.42933160066604614, "execution_mean": 2.6217386722564697, "compilation_std": 0.04070597514510155, "execution_std": 0.033971089869737625, "num_runs": 10}, "basic_rpc": {"compilation_mean": 0.5931945443153381, "execution_mean": 0.19559773802757263, "compilation_std": 0.04584948346018791, "execution_std": 0.0007728995406068861, "num_runs": 10}, "basic_stein": {"compilation_mean": 3.2518906593322754, "execution_mean": 2.9447977542877197, "compilation_std": 0.18130111694335938, "execution_std": 0.022852661088109016, "num_runs": 10}}}