{"normalisation": {"compilation": 0.3614483177661896, "execution": 0.789709746837616}, "results": {"basic_herding": {"compilation_mean": 0.5544237494468689, "execution_mean": 0.20306842029094696, "compilation_std": 0.06870406866073608, "execution_std": 0.012927648611366749, "num_runs": 10}, "basic_rpc": {"compilation_mean": 0.6284651160240173, "execution_mean": 0.10686498135328293, "compilation_std": 0.028610514476895332, "execution_std": 0.0007593809277750552, "num_runs": 10}, "basic_stein": {"compilation_mean": 4.670702934265137, "execution_mean": 0.5487188696861267, "compilation_std": 0.3534468412399292, "execution_std": 0.013924574479460716, "num_runs": 10}}}