{"normalisation": {"compilation": 0.36857444047927856, "execution": 0.8018738627433777}, "results": {"basic_herding": {"compilation_mean": 0.5348694920539856, "execution_mean": 0.1968245804309845, "compilation_std": 0.10505116730928421, "execution_std": 0.01147816888988018, "num_runs": 10}, "basic_rpc": {"compilation_mean": 0.7353751063346863, "execution_mean": 0.12600573897361755, "compilation_std": 0.027582325041294098, "execution_std": 0.0009417016990482807, "num_runs": 10}, "basic_stein": {"compilation_mean": 4.5728936195373535, "execution_mean": 0.5510236620903015, "compilation_std": 0.35676708817481995, "execution_std": 0.01570560410618782, "num_runs": 10}}}