{"normalisation": {"compilation": 0.5138510465621948, "execution": 0.6851016879081726}, "results": {"basic_herding": {"compilation_mean": 0.438300222158432, "execution_mean": 2.526226282119751, "compilation_std": 0.027283160015940666, "execution_std": 0.028320398181676865, "num_runs": 10}, "basic_rpc": {"compilation_mean": 0.6038826107978821, "execution_mean": 0.19527050852775574, "compilation_std": 0.038415540009737015, "execution_std": 0.0013770712539553642, "num_runs": 10}, "basic_stein": {"compilation_mean": 3.2184295654296875, "execution_mean": 2.877840280532837, "compilation_std": 0.17859235405921936, "execution_std": 0.02592131868004799, "num_runs": 10}}}