{"normalisation": {"compilation": 0.32635506987571716, "execution": 0.8133370280265808}, "results": {"basic_herding": {"compilation_mean": 0.9608750343322754, "execution_mean": 0.19072465598583221, "compilation_std": 0.08786389231681824, "execution_std": 0.01555557269603014, "num_runs": 10}, "basic_rpc": {"compilation_mean": 1.1735901832580566, "execution_mean": 0.021842092275619507, "compilation_std": 0.02739158272743225, "execution_std": 0.0002310932904947549, "num_runs": 10}, "basic_stein": {"compilation_mean": 5.549173831939697, "execution_mean": 0.4415907859802246, "compilation_std": 0.3739011585712433, "execution_std": 0.01739775761961937, "num_runs": 10}}}