{"normalisation": {"compilation": 0.35472139716148376, "execution": 0.7978248000144958}, "results": {"basic_herding": {"compilation_mean": 0.7033777236938477, "execution_mean": 0.19988586008548737, "compilation_std": 0.131460502743721, "execution_std": 0.009623834863305092, "num_runs": 10}, "basic_rpc": {"compilation_mean": 0.7792239785194397, "execution_mean": 0.12702496349811554, "compilation_std": 0.03594968095421791, "execution_std": 0.0008527131285518408, "num_runs": 10}, "basic_stein": {"compilation_mean": 5.72388219833374, "execution_mean": 0.5527011156082153, "compilation_std": 0.3436310589313507, "execution_std": 0.009217611514031887, "num_runs": 10}}}