{"normalisation": {"compilation": 0.3821917176246643, "execution": 0.8471530079841614}, "results": {"basic_herding": {"compilation_mean": 0.7141851782798767, "execution_mean": 0.21797411143779755, "compilation_std": 0.11924327164888382, "execution_std": 0.006643596570938826, "num_runs": 10}, "basic_rpc": {"compilation_mean": 0.8105153441429138, "execution_mean": 0.13049425184726715, "compilation_std": 0.031459420919418335, "execution_std": 0.0030187119264155626, "num_runs": 10}, "basic_stein": {"compilation_mean": 5.820479869842529, "execution_mean": 0.7235453128814697, "compilation_std": 0.3453630805015564, "execution_std": 0.028059478849172592, "num_runs": 10}}}