{"normalisation": {"compilation": 0.29309937357902527, "execution": 0.8031520843505859}, "results": {"basic_herding": {"compilation_mean": 0.9475113749504089, "execution_mean": 0.17189238965511322, "compilation_std": 0.056078530848026276, "execution_std": 0.012044631876051426, "num_runs": 10}, "basic_rpc": {"compilation_mean": 1.0759884119033813, "execution_mean": 0.02190297842025757, "compilation_std": 0.03792303055524826, "execution_std": 0.00048417894868180156, "num_runs": 10}, "basic_stein": {"compilation_mean": 5.324470520019531, "execution_mean": 0.4082813262939453, "compilation_std": 0.28116369247436523, "execution_std": 0.015914615243673325, "num_runs": 10}}}