{"normalisation": {"compilation": 0.5080848932266235, "execution": 0.6808393597602844}, "results": {"basic_herding": {"compilation_mean": 0.4237494170665741, "execution_mean": 2.619209051132202, "compilation_std": 0.041749462485313416, "execution_std": 0.01393797155469656, "num_runs": 10}, "basic_rpc": {"compilation_mean": 0.6059636473655701, "execution_mean": 0.19664454460144043, "compilation_std": 0.03583509847521782, "execution_std": 0.0005868146545253694, "num_runs": 10}, "basic_stein": {"compilation_mean": 3.284926176071167, "execution_mean": 2.9309918880462646, "compilation_std": 0.19233962893486023, "execution_std": 0.018162501975893974, "num_runs": 10}}}