{"normalisation": {"compilation": 0.3289162218570709, "execution": 0.8154672980308533}, "results": {"basic_herding": {"compilation_mean": 0.9785951972007751, "execution_mean": 0.1818869560956955, "compilation_std": 0.06626759469509125, "execution_std": 0.008259400725364685, "num_runs": 10}, "basic_rpc": {"compilation_mean": 1.202972650527954, "execution_mean": 0.02201254293322563, "compilation_std": 0.06394004821777344, "execution_std": 0.0007575491908937693, "num_runs": 10}, "basic_stein": {"compilation_mean": 5.471044540405273, "execution_mean": 0.4071854054927826, "compilation_std": 0.38952985405921936, "execution_std": 0.011442126706242561, "num_runs": 10}}}