{"normalisation": {"compilation": 0.37043994665145874, "execution": 0.78856360912323}, "results": {"basic_herding": {"compilation_mean": 0.5622243285179138, "execution_mean": 0.206567645072937, "compilation_std": 0.08717988431453705, "execution_std": 0.01499241590499878, "num_runs": 10}, "basic_rpc": {"compilation_mean": 0.6447974443435669, "execution_mean": 0.1046421080827713, "compilation_std": 0.031152181327342987, "execution_std": 0.00047220964916050434, "num_runs": 10}, "basic_stein": {"compilation_mean": 4.667867660522461, "execution_mean": 0.5606028437614441, "compilation_std": 0.38465598225593567, "execution_std": 0.014900745823979378, "num_runs": 10}}}