{"normalisation": {"compilation": 0.3856423795223236, "execution": 0.7989415526390076}, "results": {"basic_herding": {"compilation_mean": 0.501907229423523, "execution_mean": 0.19570235908031464, "compilation_std": 0.06892865896224976, "execution_std": 0.0074683623388409615, "num_runs": 10}, "basic_rpc": {"compilation_mean": 0.6042141318321228, "execution_mean": 0.15834641456604004, "compilation_std": 0.03637036308646202, "execution_std": 0.0008926992304623127, "num_runs": 10}, "basic_stein": {"compilation_mean": 4.512124538421631, "execution_mean": 0.5489020347595215, "compilation_std": 0.3100372850894928, "execution_std": 0.009498567320406437, "num_runs": 10}}}