{"normalisation": {"compilation": 1.0017706155776978, "execution": 0.4378352761268616}, "results": {"basic_herding": {"compilation_mean": 0.284726083278656, "execution_mean": 0.1840011477470398, "compilation_std": 0.011150671169161797, "execution_std": 0.006387976463884115, "num_runs": 10}, "basic_rpc": {"compilation_mean": 0.3444562554359436, "execution_mean": 0.04848915711045265, "compilation_std": 0.02393057942390442, "execution_std": 0.0006683032843284309, "num_runs": 10}, "basic_stein": {"compilation_mean": 1.346028208732605, "execution_mean": 0.7994807958602905, "compilation_std": 0.047295309603214264, "execution_std": 0.028608448803424835, "num_runs": 10}}}