{"normalisation": {"compilation": 0.3515492379665375, "execution": 0.810742199420929}, "results": {"basic_herding": {"compilation_mean": 0.6868141293525696, "execution_mean": 0.1977715641260147, "compilation_std": 0.045716773718595505, "execution_std": 0.01023896038532257, "num_runs": 10}, "basic_rpc": {"compilation_mean": 0.8090866208076477, "execution_mean": 0.12667441368103027, "compilation_std": 0.09581749141216278, "execution_std": 0.0007837767479941249, "num_runs": 10}, "basic_stein": {"compilation_mean": 5.92043399810791, "execution_mean": 0.5499927401542664, "compilation_std": 0.5498377680778503, "execution_std": 0.01114578451961279, "num_runs": 10}}}