{"normalisation": {"compilation": 0.3240615725517273, "execution": 0.8089847564697266}, "results": {"basic_herding": {"compilation_mean": 0.9773144125938416, "execution_mean": 0.1765183061361313, "compilation_std": 0.08144865930080414, "execution_std": 0.009645720943808556, "num_runs": 10}, "basic_rpc": {"compilation_mean": 1.205886721611023, "execution_mean": 0.02196739800274372, "compilation_std": 0.05323824658989906, "execution_std": 0.00016120450163725764, "num_runs": 10}, "basic_stein": {"compilation_mean": 5.452635288238525, "execution_mean": 0.42279598116874695, "compilation_std": 0.3519936501979828, "execution_std": 0.01793561689555645, "num_runs": 10}}}