{"normalisation": {"compilation": 0.32669776678085327, "execution": 0.7911436557769775}, "results": {"basic_herding": {"compilation_mean": 0.9657739996910095, "execution_mean": 0.18639229238033295, "compilation_std": 0.04582887142896652, "execution_std": 0.01242836657911539, "num_runs": 10}, "basic_rpc": {"compilation_mean": 1.1452001333236694, "execution_mean": 0.022512158378958702, "compilation_std": 0.04014036804437637, "execution_std": 0.00022568306303583086, "num_runs": 10}, "basic_stein": {"compilation_mean": 5.500361919403076, "execution_mean": 0.43191829323768616, "compilation_std": 0.39495450258255005, "execution_std": 0.012204534374177456, "num_runs": 10}}}