{"normalisation": {"compilation": 0.29437366127967834, "execution": 0.8067342042922974}, "results": {"basic_herding": {"compilation_mean": 1.137091875076294, "execution_mean": 0.09051712602376938, "compilation_std": 0.05267888680100441, "execution_std": 0.003375137457624078, "num_runs": 10}, "basic_rpc": {"compilation_mean": 1.3986951112747192, "execution_mean": 0.019606182351708412, "compilation_std": 0.07608405500650406, "execution_std": 0.00040250003803521395, "num_runs": 10}, "basic_stein": {"compilation_mean": 5.146945476531982, "execution_mean": 0.29760390520095825, "compilation_std": 0.23752623796463013, "execution_std": 0.017453940585255623, "num_runs": 10}}}