{"normalisation": {"compilation": 0.38194844126701355, "execution": 0.8169700503349304}, "results": {"basic_herding": {"compilation_mean": 0.5061520934104919, "execution_mean": 0.19020406901836395, "compilation_std": 0.04681112617254257, "execution_std": 0.007020754273980856, "num_runs": 10}, "basic_rpc": {"compilation_mean": 0.6319900751113892, "execution_mean": 0.1548229306936264, "compilation_std": 0.0647081509232521, "execution_std": 0.0009546065703034401, "num_runs": 10}, "basic_stein": {"compilation_mean": 4.542853355407715, "execution_mean": 0.5194246172904968, "compilation_std": 0.3761850893497467, "execution_std": 0.016760848462581635, "num_runs": 10}}}