{"normalisation": {"compilation": 1.4578220844268799, "execution": 0.682301938533783}, "results": {"basic_herding": {"compilation_mean": 0.23869049549102783, "execution_mean": 0.09908836334943771, "compilation_std": 0.010783259756863117, "execution_std": 0.0014988011680543423, "num_runs": 10}, "basic_rpc": {"compilation_mean": 0.28429481387138367, "execution_mean": 0.024415012449026108, "compilation_std": 0.006450266111642122, "execution_std": 9.51833208091557e-05, "num_runs": 10}, "basic_stein": {"compilation_mean": 1.086466670036316, "execution_mean": 0.3430071175098419, "compilation_std": 0.043640196323394775, "execution_std": 0.009502832777798176, "num_runs": 10}}}