{"normalisation": {"compilation": 0.36344778537750244, "execution": 0.7927398085594177}, "results": {"basic_herding": {"compilation_mean": 0.5336238741874695, "execution_mean": 0.21629324555397034, "compilation_std": 0.0907648354768753, "execution_std": 0.02052137814462185, "num_runs": 10}, "basic_rpc": {"compilation_mean": 0.7421202063560486, "execution_mean": 0.12999717891216278, "compilation_std": 0.0308977197855711, "execution_std": 0.0003800800768658519, "num_runs": 10}, "basic_stein": {"compilation_mean": 4.625474452972412, "execution_mean": 0.5810737013816833, "compilation_std": 0.39564406871795654, "execution_std": 0.034154828637838364, "num_runs": 10}}}